,date,tic,open,high,low,close,volume,value,count,yesterday,code,name_en,name,date_jalali,last,stopped,b_queue,s_queue,day,log_volume,change,daily_variance
0,2018-01-02,بترانس,495.06,496.0,489.0,492.95,99180.0,534064126.0,84.0,493.0,TRNS,S*Iran Transfo-a,ايران‌_ترانسفو-ت,13961012.0,494.05,False,False,False,3,17.705099409064175,-0.00428035297697538,0.014200223146363728
0,2018-01-02,بسويچ,2282.19,2282.0,2282.0,2176.95,241.0,1985840.0,1.0,2177.0,SWIC,Pars Switch-a,پارس‌سويچ‌-ت,13961012.0,2282.19,False,True,False,3,13.170477027075137,-0.04834286501757057,0.0
0,2018-01-02,بموتو,2779.94,2785.0,2625.0,2692.83,45828.0,160702534.0,27.0,2696.0,MOTJ,Motogen-a,موتوژن‌-ت,13961012.0,2674.49,False,False,False,3,18.630998501207962,-0.03234886717691059,0.05941704452193417
0,2018-01-02,پتاير,79.09,79.0,76.0,76.28,974099.0,2941445080.0,224.0,80.0,TAIR,Iran Tire-a,ايران‌_تاير-ت,13961012.0,75.9,False,False,False,3,18.123679000902094,-0.036837965390666,0.03932878867330886
0,2018-01-02,پلاسك,824.77,849.0,805.0,814.83,2846008.0,2333182107.0,304.0,829.0,PLKK,Plascokar Saipa-a,پلاسكوكار-ت,13961012.0,804.89,False,False,False,3,21.564407371116843,-0.012198863566633458,0.05399899365511824
1,2018-01-03,بترانس,494.05,496.0,488.0,493.04,151988.0,818518864.0,96.0,493.0,TRNS,S*Iran Transfo-a,ايران‌_ترانسفو-ت,13961013.0,493.13,False,False,False,4,18.132147155997473,-0.0020485153334414874,0.01622586402725945
1,2018-01-03,بسويچ,2135.68,2136.0,2135.0,2175.56,3070.0,23670700.0,3.0,2177.0,SWIC,Pars Switch-a,پارس‌سويچ‌-ت,13961013.0,2135.4,False,False,False,4,15.714474222228358,0.01833091250068953,0.00045965176782069905
1,2018-01-03,بموتو,2666.85,2774.0,2667.0,2695.89,27181.0,96871570.0,17.0,2693.0,MOTJ,Motogen-a,موتوژن‌-ت,13961013.0,2697.41,False,False,False,4,18.109757148799844,0.010771952861578168,0.039690046700718504
1,2018-01-03,پتاير,72.47,74.0,72.0,72.59,1707154.0,4907035077.0,293.0,76.0,TAIR,Iran Tire-a,ايران‌_تاير-ت,13961013.0,73.17,False,False,False,4,18.63516538575858,0.001653120264499305,0.027552004408320705
1,2018-01-03,پلاسك,811.85,815.0,774.0,785.02,5854907.0,4627915414.0,584.0,815.0,PLKK,Plascokar Saipa-a,پلاسكوكار-ت,13961013.0,799.93,False,False,False,4,22.24849986619272,-0.0341774731853966,0.05222796871417289
2,2018-01-06,بترانس,495.06,495.0,468.0,492.4,212534.0,1132672719.0,136.0,493.0,TRNS,S*Iran Transfo-a,ايران‌_ترانسفو-ت,13961016.0,493.22,False,False,False,0,18.466148648858272,-0.005402112103980555,0.054833468724614136
2,2018-01-06,بسويچ,2135.68,2136.0,2135.0,2175.56,3070.0,23670700.0,3.0,2177.0,SWIC,Pars Switch-a,پارس‌سويچ‌-ت,13961013.0,2135.4,True,False,False,0,15.714474222228358,0.01833091250068953,0.00045965176782069905
2,2018-01-06,بموتو,2747.85,2830.0,2748.0,2702.0,20303.0,73927112.0,18.0,2696.0,MOTJ,Motogen-a,موتوژن‌-ت,13961016.0,2789.87,False,False,False,0,17.820271455882384,-0.01696891191709841,0.030347890451517395
2,2018-01-06,پتاير,75.27,76.0,73.0,75.7,492895.0,1477440877.0,143.0,73.0,TAIR,Iran Tire-a,ايران‌_تاير-ت,13961016.0,76.21,False,False,False,0,17.434829609039976,0.005680317040951213,0.03963011889035667
2,2018-01-06,پلاسك,794.96,818.0,787.0,807.88,2401066.0,1950991528.0,254.0,785.0,PLKK,Plascokar Saipa-a,پلاسكوكار-ت,13961016.0,796.95,False,False,False,0,21.385836896012215,0.01599247412982121,0.03837203545080953
3,2018-01-07,بترانس,493.22,499.0,491.0,498.54,6156249.0,33474862727.0,169.0,492.0,TRNS,S*Iran Transfo-a,ايران‌_ترانسفو-ت,13961017.0,493.13,False,False,False,1,21.84466204837092,0.01067115978657679,0.016046856821920006
3,2018-01-07,بسويچ,2188.03,2195.0,2188.0,2175.56,350.0,2768600.0,3.0,2176.0,SWIC,Pars Switch-a,پارس‌سويچ‌-ت,13961017.0,2194.67,False,False,False,1,13.542974536130574,-0.005731857544724234,0.0032175623747448933
3,2018-01-07,بموتو,2759.31,2827.0,2759.0,2707.35,13864.0,51014910.0,15.0,2702.0,MOTJ,Motogen-a,موتوژن‌-ت,13961017.0,2798.28,False,False,False,1,17.44077640707381,-0.01919219901379579,0.025116811642380926
3,2018-01-07,پتاير,77.8,79.0,76.0,79.26,1042171.0,3270766272.0,217.0,76.0,TAIR,Iran Tire-a,ايران‌_تاير-ت,13961017.0,76.96,False,False,False,1,18.229550183079184,0.018420388594499217,0.037850113550340646
3,2018-01-07,پلاسك,805.89,848.0,806.0,837.69,2654134.0,2238180026.0,309.0,808.0,PLKK,Plascokar Saipa-a,پلاسكوكار-ت,13961017.0,847.62,False,False,False,1,21.522277086067138,0.03796153708412428,0.0501378791677112
4,2018-01-08,بترانس,495.06,495.0,475.0,496.16,230493.0,1213730229.0,120.0,499.0,TRNS,S*Iran Transfo-a,ايران‌_ترانسفو-ت,13961018.0,492.31,False,False,False,2,18.554874227546282,0.002217026765559543,0.04030957755562722
4,2018-01-08,بسويچ,2171.69,2172.0,2138.0,2168.08,33522.0,260574723.0,18.0,2176.0,SWIC,Pars Switch-a,پارس‌سويچ‌-ت,13961018.0,2138.17,False,False,False,2,18.101554480934944,-0.0016650677096786684,0.015682078152097708
4,2018-01-08,بموتو,2834.96,2843.0,2804.0,2725.69,40749.0,150984224.0,29.0,2707.0,MOTJ,Motogen-a,موتوژن‌-ت,13961018.0,2842.6,False,False,False,2,18.52566346454462,-0.04008893160997765,0.014308303585514126
4,2018-01-08,پتاير,77.77,80.0,76.0,78.53,265649.0,825934413.0,124.0,79.0,TAIR,Iran Tire-a,ايران‌_تاير-ت,13961018.0,78.3,False,False,False,2,16.853411884907196,0.009677830128613334,0.050935948045332996
4,2018-01-08,پلاسك,861.54,862.0,833.0,846.63,1008311.0,858629861.0,152.0,838.0,PLKK,Plascokar Saipa-a,پلاسكوكار-ت,13961018.0,838.68,False,False,False,2,20.56505097509343,-0.017610998901527192,0.03425345192114619
5,2018-01-09,بترانس,494.97,496.0,491.0,495.79,502734.0,2714376166.0,95.0,496.0,TRNS,S*Iran Transfo-a,ايران‌_ترانسفو-ت,13961019.0,494.6,False,False,False,3,19.333968932140298,0.0016539260574033223,0.010084914984166683
5,2018-01-09,بسويچ,2132.63,2133.0,2127.0,2167.25,1837.0,14129346.0,3.0,2168.0,SWIC,Pars Switch-a,پارس‌سويچ‌-ت,13961019.0,2126.54,False,False,False,3,15.197103446963876,0.015974160802860717,0.0027684854077748297
5,2018-01-09,بموتو,2861.7,2862.0,2827.0,2757.02,72168.0,268694582.0,30.0,2726.0,MOTJ,Motogen-a,موتوژن‌-ت,13961019.0,2853.3,False,False,False,3,19.108657678595836,-0.037968531240252096,0.012694866196110294
5,2018-01-09,پتاير,76.79,79.0,76.0,76.31,230137.0,695256664.0,98.0,79.0,TAIR,Iran Tire-a,ايران‌_تاير-ت,13961019.0,75.52,False,False,False,3,16.681234054050446,-0.006290132354868352,0.03931332721792687
5,2018-01-09,پلاسك,831.72,835.0,808.0,818.81,1715601.0,1413401071.0,248.0,847.0,PLKK,Plascokar Saipa-a,پلاسكوكار-ت,13961019.0,818.81,False,False,False,3,21.06312608121833,-0.01576678350288844,0.032974682771338894
6,2018-01-10,بترانس,495.06,496.0,491.0,495.52,202898.0,1093499009.0,68.0,496.0,TRNS,S*Iran Transfo-a,ايران‌_ترانسفو-ت,13961020.0,495.06,False,False,False,4,18.426066384917767,0.0009283177268323772,0.010090410074265418
6,2018-01-10,بسويچ,2174.18,2174.0,2174.0,2167.25,200.0,1570000.0,1.0,2167.0,SWIC,Pars Switch-a,پارس‌سويچ‌-ت,13961020.0,2174.18,False,True,False,4,12.979531728296786,-0.003197600645979853,0.0
6,2018-01-10,بموتو,2796.75,2881.0,2781.0,2762.37,27606.0,101590340.0,12.0,2757.0,MOTJ,Motogen-a,موتوژن‌-ت,13961020.0,2876.99,False,False,False,4,18.1496327052787,-0.012445834555110325,0.03620079858961689
6,2018-01-10,پتاير,75.78,76.0,73.0,73.86,364442.0,1065488096.0,96.0,76.0,TAIR,Iran Tire-a,ايران‌_تاير-ت,13961020.0,75.2,False,False,False,4,17.108294105108957,-0.02599512591389117,0.04061738424045491
6,2018-01-10,پلاسك,805.89,833.0,806.0,819.8,1327728.0,1095940418.0,172.0,819.0,PLKK,Plascokar Saipa-a,پلاسكوكار-ت,13961020.0,813.84,False,False,False,4,20.808040176833313,0.016967553061722332,0.032934862161502806
7,2018-01-13,بترانس,495.97,499.0,491.0,495.52,335190.0,1812282358.0,89.0,496.0,TRNS,S*Iran Transfo-a,ايران‌_ترانسفو-ت,13961023.0,495.06,False,False,False,0,18.928060530434387,-0.0009081369066839794,0.01614465611882467
7,2018-01-13,بسويچ,2132.63,2133.0,2080.0,2080.29,353423.0,2654430480.0,35.0,2167.0,SWIC,Pars Switch-a,پارس‌سويچ‌-ت,13961023.0,2080.01,False,False,False,0,20.415683504863768,-0.025159953660307047,0.025477217118767097
7,2018-01-13,بموتو,2789.11,2870.0,2789.0,2763.89,17318.0,63268095.0,11.0,2762.0,MOTJ,Motogen-a,موتوژن‌-ت,13961023.0,2789.11,False,False,False,0,17.68389608870829,-0.009124820452333579,0.029306520881800652
7,2018-01-13,پتاير,75.8,77.0,74.0,75.12,160194.0,476893503.0,55.0,74.0,TAIR,Iran Tire-a,ايران‌_تاير-ت,13961023.0,75.78,False,False,False,0,16.303227694631495,-0.009052183173588826,0.039936102236421724
7,2018-01-13,پلاسك,842.66,849.0,835.0,841.66,1280048.0,1084533898.0,146.0,820.0,PLKK,Plascokar Saipa-a,پلاسكوكار-ت,13961023.0,835.7,False,False,False,0,20.797784267410595,-0.0011881282227978044,0.01663379511916926
8,2018-01-14,بترانس,494.97,495.0,491.0,495.42,71751.0,386507870.0,46.0,496.0,TRNS,S*Iran Transfo-a,ايران‌_ترانسفو-ت,13961024.0,494.14,False,False,False,1,17.386362958464368,0.0009083202131524537,0.008073957450244237
8,2018-01-14,بسويچ,2184.15,2184.0,2160.0,2087.49,7241.0,56959680.0,12.0,2080.0,SWIC,Pars Switch-a,پارس‌سويچ‌-ت,13961024.0,2184.15,False,False,False,1,16.531232263683194,-0.04630441343431601,0.011497061063765576
8,2018-01-14,بموتو,2789.11,2808.0,2789.0,2767.71,36452.0,133148602.0,15.0,2764.0,MOTJ,Motogen-a,موتوژن‌-ت,13961024.0,2789.87,False,False,False,1,18.42952714807882,-0.007732023947595698,0.006864881074968114
8,2018-01-14,پتاير,75.3,76.0,73.0,74.08,351496.0,1030771848.0,119.0,75.0,TAIR,Iran Tire-a,ايران‌_تاير-ت,13961024.0,74.92,False,False,False,1,17.075099200705175,-0.016468682505399554,0.04049676025917927
8,2018-01-14,پلاسك,844.64,845.0,826.0,831.72,1263767.0,1058010007.0,162.0,842.0,PLKK,Plascokar Saipa-a,پلاسكوكار-ت,13961024.0,834.71,False,False,False,1,20.77310334697193,-0.01553407396720045,0.022844226422353675
9,2018-01-15,بترانس,494.97,497.0,486.0,494.87,360665.0,1940256048.0,119.0,495.0,TRNS,S*Iran Transfo-a,ايران‌_ترانسفو-ت,13961025.0,485.61,False,False,False,2,18.999999930451438,-0.00020207327176838914,0.022228059894517753
9,2018-01-15,بسويچ,2191.63,2192.0,2160.0,2124.88,44920.0,352097024.0,17.0,2087.0,SWIC,Pars Switch-a,پارس‌سويچ‌-ت,13961025.0,2191.63,False,False,False,2,18.374109018028136,-0.03141353864688829,0.015059673958058807
9,2018-01-15,بموتو,2786.05,2827.0,2786.0,2773.83,32935.0,121403955.0,15.0,2768.0,MOTJ,Motogen-a,موتوژن‌-ت,13961025.0,2791.4,False,False,False,2,18.33027551672632,-0.004405461041231891,0.014781006766817002
9,2018-01-15,پتاير,76.33,76.0,73.0,74.99,661379.0,1963691798.0,124.0,74.0,TAIR,Iran Tire-a,ايران‌_تاير-ت,13961025.0,75.78,False,False,False,2,17.71943709950749,-0.017869049206560923,0.04000533404453927
9,2018-01-15,پلاسك,835.7,836.0,805.0,813.84,2010539.0,1647186257.0,259.0,832.0,PLKK,Plascokar Saipa-a,پلاسكوكار-ت,13961025.0,809.86,False,False,False,2,21.21567718977648,-0.026860316524132524,0.038091025262950946
10,2018-01-16,بترانس,494.69,495.0,485.0,493.96,351743.0,1884303530.0,133.0,495.0,TRNS,S*Iran Transfo-a,ايران‌_ترانسفو-ت,13961026.0,490.47,False,False,False,3,18.97311061653073,-0.0014778524576889187,0.020244554214916187
10,2018-01-16,بسويچ,2174.45,2174.0,2160.0,2125.71,1672.0,13108983.0,3.0,2125.0,SWIC,Pars Switch-a,پارس‌سويچ‌-ت,13961026.0,2160.33,False,False,False,3,15.083636936845352,-0.02292880966829896,0.006586034783672279
10,2018-01-16,بموتو,2796.75,2827.0,2751.0,2773.83,34615.0,125556070.0,29.0,2774.0,MOTJ,Motogen-a,موتوژن‌-ت,13961026.0,2760.07,False,False,False,3,18.38002670876365,-0.008262943295010896,0.02739893937263639
10,2018-01-16,پتاير,73.76,76.0,74.0,74.26,193083.0,567740827.0,74.0,75.0,TAIR,Iran Tire-a,ايران‌_تاير-ت,13961026.0,74.51,False,False,False,3,16.47844787600365,0.006733099919202801,0.026932399676811204
10,2018-01-16,پلاسك,814.83,815.0,802.0,805.89,1809225.0,1466379827.0,235.0,814.0,PLKK,Plascokar Saipa-a,پلاسكوكار-ت,13961026.0,806.88,False,False,False,3,21.100356391518645,-0.01109332539180292,0.0161312337912122
11,2018-01-17,بترانس,494.14,495.0,490.0,493.86,207356.0,1115179238.0,101.0,494.0,TRNS,S*Iran Transfo-a,ايران‌_ترانسفو-ت,13961027.0,492.31,False,False,False,4,18.444444478049142,-0.0005669622970071938,0.010124326732272303
11,2018-01-17,بسويچ,2160.33,2163.0,2160.0,2127.65,5700.0,44478700.0,6.0,2126.0,SWIC,Pars Switch-a,پارس‌سويچ‌-ت,13961027.0,2163.38,False,False,False,4,16.310994817072686,-0.015359669118510956,0.0014100063450285525
11,2018-01-17,بموتو,2750.9,2785.0,2693.0,2770.01,54345.0,195908743.0,24.0,2774.0,MOTJ,Motogen-a,موتوژن‌-ت,13961027.0,2785.29,False,False,False,4,18.82971410128046,0.006898892061761555,0.03321287648781051
11,2018-01-17,پتاير,74.16,76.0,74.0,74.03,209917.0,615172728.0,82.0,74.0,TAIR,Iran Tire-a,ايران‌_تاير-ت,13961027.0,74.01,False,False,False,4,16.55893790993221,-0.0017560448466837153,0.027016074564365798
11,2018-01-17,پلاسك,802.91,825.0,803.0,813.84,1513901.0,1240478894.0,177.0,806.0,PLKK,Plascokar Saipa-a,پلاسكوكار-ت,13961027.0,822.78,False,False,False,4,20.931964107630854,0.013430158262066332,0.027032340509190993
12,2018-01-20,بترانس,492.31,492.0,479.0,493.5,96151.0,511660766.0,54.0,494.0,TRNS,S*Iran Transfo-a,ايران‌_ترانسفو-ت,13961030.0,492.31,False,False,False,0,17.675198010252394,0.002411347517730492,0.02634245187436677
12,2018-01-20,بسويچ,2188.3,2216.0,2188.0,2128.76,1230.0,9802530.0,8.0,2128.0,SWIC,Pars Switch-a,پارس‌سويچ‌-ت,13961030.0,2188.03,False,False,False,0,14.778064377924812,-0.02796933426032054,0.013153197166425523
12,2018-01-20,بموتو,2766.95,2789.0,2632.0,2744.03,150298.0,535670350.0,59.0,2770.0,MOTJ,Motogen-a,موتوژن‌-ت,13961030.0,2750.14,False,False,False,0,19.837558190663255,-0.008352678359930327,0.05721511791051847
12,2018-01-20,پتاير,74.51,78.0,74.0,76.71,938328.0,2849951342.0,232.0,74.0,TAIR,Iran Tire-a,ايران‌_تاير-ت,13961030.0,77.72,False,False,False,0,18.091886925006282,0.028679442054490793,0.05214444009907444
12,2018-01-20,پلاسك,824.77,835.0,795.0,814.83,1705488.0,1398187478.0,239.0,814.0,PLKK,Plascokar Saipa-a,پلاسكوكار-ت,13961030.0,807.88,False,False,False,0,21.052341347282383,-0.012198863566633458,0.04908999423192568
13,2018-01-21,بترانس,494.14,495.0,490.0,493.5,229565.0,1235438402.0,73.0,493.0,TRNS,S*Iran Transfo-a,ايران‌_ترانسفو-ت,13961101.0,490.47,False,False,False,1,18.545464351656687,-0.0012968591691995672,0.010131712259371834
13,2018-01-21,بسويچ,2215.45,2216.0,2160.0,2150.08,26559.0,211839010.0,18.0,2129.0,SWIC,Pars Switch-a,پارس‌سويچ‌-ت,13961101.0,2215.45,False,False,False,1,17.860384282010944,-0.03040351986902808,0.02604554249144218
13,2018-01-21,بموتو,2699.71,2768.0,2674.0,2739.44,25448.0,89711560.0,21.0,2744.0,MOTJ,Motogen-a,موتوژن‌-ت,13961101.0,2747.08,False,False,False,1,18.059901232360705,0.014502964109453034,0.034313582337996085
13,2018-01-21,پتاير,77.95,78.0,74.0,75.55,428758.0,1282221771.0,96.0,77.0,TAIR,Iran Tire-a,ايران‌_تاير-ت,13961101.0,74.03,False,False,False,1,17.29344262489909,-0.0317670416942423,0.05294506949040371
13,2018-01-21,پلاسك,796.95,798.0,774.0,780.05,5509630.0,4323084777.0,505.0,815.0,PLKK,Plascokar Saipa-a,پلاسكوكار-ت,13961101.0,789.99,False,False,False,1,22.18136604843244,-0.02166527786680353,0.030767258509069934
14,2018-01-22,بترانس,490.47,490.0,488.0,493.41,55268.0,295369177.0,38.0,493.0,TRNS,S*Iran Transfo-a,ايران‌_ترانسفو-ت,13961102.0,489.56,False,False,False,2,17.12128982959785,0.005958533471149749,0.004053424130033846
14,2018-01-22,بسويچ,2215.72,2216.0,2188.0,2154.51,7717.0,61545800.0,9.0,2150.0,SWIC,Pars Switch-a,پارس‌سويچ‌-ت,13961102.0,2215.72,False,False,False,2,16.626499564950855,-0.028410172150511986,0.012995994448853798
14,2018-01-22,بموتو,2697.41,2751.0,2697.0,2740.21,27292.0,98179760.0,6.0,2739.0,MOTJ,Motogen-a,موتوژن‌-ت,13961102.0,2749.38,False,False,False,2,18.130138736716322,0.015619240861101953,0.019706518843446305
14,2018-01-22,پتاير,74.01,76.0,74.0,74.19,148920.0,436220834.0,67.0,76.0,TAIR,Iran Tire-a,ايران‌_تاير-ت,13961102.0,73.76,False,False,False,2,16.217793898188088,0.0024262029923169245,0.02695781102574471
14,2018-01-22,پلاسك,782.04,808.0,782.0,793.96,1124648.0,898258510.0,162.0,780.0,PLKK,Plascokar Saipa-a,پلاسكوكار-ت,13961102.0,794.96,False,False,False,2,20.610013737916205,0.015013350798528984,0.03274724167464356
15,2018-01-23,بترانس,490.47,496.0,490.0,495.61,2546855.0,13767924019.0,182.0,493.0,TRNS,S*Iran Transfo-a,ايران‌_ترانسفو-ت,13961103.0,494.05,False,False,False,3,20.956159149733768,0.010371057888258886,0.012106293254776941
15,2018-01-23,بسويچ,2204.64,2230.0,2205.0,2161.44,11182.0,89478150.0,10.0,2155.0,SWIC,Pars Switch-a,پارس‌سويچ‌-ت,13961103.0,2215.72,False,False,False,3,17.00059056680796,-0.019986675549633494,0.01156636316529721
15,2018-01-23,بموتو,2747.85,2748.0,2748.0,2740.21,2000.0,7192000.0,1.0,2740.0,MOTJ,Motogen-a,موتوژن‌-ت,13961103.0,2747.85,False,True,False,3,15.516692298323091,-0.0027881074808134678,0.0
15,2018-01-23,پتاير,74.01,76.0,74.0,74.11,285267.0,836912940.0,70.0,74.0,TAIR,Iran Tire-a,ايران‌_تاير-ت,13961103.0,74.19,False,False,False,3,16.86673133875664,0.0013493455673997345,0.02698691134799622
15,2018-01-23,پلاسك,804.89,816.0,796.0,806.88,1422311.0,1155499728.0,174.0,794.0,PLKK,Plascokar Saipa-a,پلاسكوكار-ت,13961103.0,801.91,False,False,False,3,20.860968529808876,0.0024662899068015184,0.024786833234186
16,2018-01-24,بترانس,495.7,496.0,485.0,495.15,214808.0,1153932684.0,103.0,496.0,TRNS,S*Iran Transfo-a,ايران‌_ترانسفو-ت,13961104.0,494.14,False,False,False,4,18.48236063183848,-0.00111077451277393,0.02221549025547814
16,2018-01-24,بسويچ,2212.95,2216.0,2213.0,2162.82,2530.0,20220000.0,6.0,2161.0,SWIC,Pars Switch-a,پارس‌سويچ‌-ت,13961104.0,2215.72,False,False,False,4,15.515142786458714,-0.023178073071267905,0.0013870779815241211
16,2018-01-24,بموتو,2666.85,2713.0,2637.0,2703.53,136889.0,477777240.0,45.0,2740.0,MOTJ,Motogen-a,موتوژن‌-ت,13961104.0,2712.7,False,False,False,4,19.729239262914323,0.013567447004472037,0.02811139510195929
16,2018-01-24,پتاير,76.38,76.0,71.0,72.34,475962.0,1363364486.0,143.0,74.0,TAIR,Iran Tire-a,ايران‌_تاير-ت,13961104.0,73.1,False,False,False,4,17.354470524617998,-0.05584738733757246,0.06911805363560962
16,2018-01-24,پلاسك,814.83,815.0,796.0,801.91,1554919.0,1254305294.0,204.0,807.0,PLKK,Plascokar Saipa-a,پلاسكوكار-ت,13961104.0,798.93,False,False,False,4,20.943930394324653,-0.016111533713259685,0.02369343193126411
17,2018-01-27,بترانس,495.42,495.0,493.0,495.15,267528.0,1444713342.0,30.0,495.0,TRNS,S*Iran Transfo-a,ايران‌_ترانسفو-ت,13961107.0,493.68,False,False,False,0,18.70184025970488,-0.0005452893062709051,0.004039180046450571
17,2018-01-27,بسويچ,2215.72,2243.0,2163.0,2177.5,23042.0,185273204.0,17.0,2163.0,SWIC,Pars Switch-a,پارس‌سويچ‌-ت,13961107.0,2166.15,False,False,False,0,17.731006625324657,-0.017552238805970056,0.03673938002296211
17,2018-01-27,بموتو,2682.13,2682.0,2636.0,2682.9,128842.0,448359285.0,31.0,2704.0,MOTJ,Motogen-a,موتوژن‌-ت,13961107.0,2636.28,False,False,False,0,19.66099570447436,0.00028700287002869347,0.017145626001714563
17,2018-01-27,پتاير,73.2,75.0,71.0,72.64,138917.0,399911653.0,68.0,72.0,TAIR,Iran Tire-a,ايران‌_تاير-ت,13961107.0,72.87,False,False,False,0,16.127147645755187,-0.007709251101321617,0.05506607929515418
17,2018-01-27,پلاسك,794.96,810.0,785.0,804.89,1342620.0,1087178663.0,197.0,802.0,PLKK,Plascokar Saipa-a,پلاسكوكار-ت,13961107.0,803.9,False,False,False,0,20.800839108964293,0.012337089540185553,0.031060144864515648
18,2018-01-28,بترانس,494.14,495.0,486.0,494.87,327323.0,1763768646.0,123.0,495.0,TRNS,S*Iran Transfo-a,ايران‌_ترانسفو-ت,13961108.0,492.03,False,False,False,1,18.902997831755847,0.001475134883908942,0.018186594459150888
18,2018-01-28,بسويچ,2215.72,2243.0,2163.0,2177.5,23042.0,185273204.0,17.0,2163.0,SWIC,Pars Switch-a,پارس‌سويچ‌-ت,13961107.0,2166.15,True,False,False,1,17.731006625324657,-0.017552238805970056,0.03673938002296211
18,2018-01-28,بموتو,2618.71,2659.0,2617.0,2666.08,95837.0,330560468.0,42.0,2683.0,MOTJ,Motogen-a,موتوژن‌-ت,13961108.0,2621.0,False,False,False,1,19.35876861847938,0.01776765888495465,0.015753465762467743
18,2018-01-28,پتاير,73.25,73.0,71.0,71.58,370848.0,1051165151.0,98.0,73.0,TAIR,Iran Tire-a,ايران‌_تاير-ت,13961108.0,71.23,False,False,False,1,17.094363259471997,-0.02333053925677566,0.02794076557697681
18,2018-01-28,پلاسك,796.95,808.0,797.0,800.92,1153921.0,929893113.0,143.0,805.0,PLKK,Plascokar Saipa-a,پلاسكوكار-ت,13961108.0,798.93,False,False,False,1,20.644437333092313,0.004956799680367469,0.01373420566348699
19,2018-01-29,بترانس,493.59,495.0,470.0,493.41,4135104.0,22255181062.0,323.0,495.0,TRNS,S*Iran Transfo-a,ايران‌_ترانسفو-ت,13961109.0,485.89,False,False,False,2,21.436363508693663,-0.00036480817170294477,0.05066780162542307
19,2018-01-29,بسويچ,2242.87,2243.0,2188.0,2178.06,2472.0,19653154.0,4.0,2178.0,SWIC,Pars Switch-a,پارس‌سويچ‌-ت,13961109.0,2188.03,False,False,False,2,15.49897266990041,-0.029755837763881594,0.02525182960983628
19,2018-01-29,بموتو,2637.81,2674.0,2614.0,2663.03,41159.0,142612844.0,22.0,2666.0,MOTJ,Motogen-a,موتوژن‌-ت,13961109.0,2658.44,False,False,False,2,18.512417745460915,0.009470415278836608,0.022530726277961568
19,2018-01-29,پتاير,71.28,72.0,71.0,71.28,844174.0,2382439584.0,162.0,72.0,TAIR,Iran Tire-a,ايران‌_تاير-ت,13961109.0,70.75,False,False,False,2,17.912729696629803,0.0,0.014029180695847363
19,2018-01-29,پلاسك,796.95,797.0,782.0,788.0,2056631.0,1631372258.0,260.0,801.0,PLKK,Plascokar Saipa-a,پلاسكوكار-ت,13961109.0,785.02,False,False,False,2,21.206077854943658,-0.011357868020304626,0.01903553299492386
20,2018-01-30,بترانس,493.13,493.0,488.0,493.22,195594.0,1050436025.0,88.0,493.0,TRNS,S*Iran Transfo-a,ايران‌_ترانسفو-ت,13961110.0,492.31,False,False,False,3,18.38475168323415,0.00018247435221611417,0.010137464012002757
20,2018-01-30,بسويچ,2188.3,2216.0,2188.0,2178.06,264.0,2111010.0,2.0,2178.0,SWIC,Pars Switch-a,پارس‌سويچ‌-ت,13961110.0,2215.72,False,False,False,3,13.262138954469144,-0.004701431549176899,0.012855476892280287
20,2018-01-30,بموتو,2663.79,2674.0,2652.0,2666.85,88555.0,309856593.0,25.0,2663.0,MOTJ,Motogen-a,موتوژن‌-ت,13961110.0,2673.73,False,False,False,3,19.280032386521423,0.001147421114798337,0.00824943285149146
20,2018-01-30,پتاير,71.0,73.0,71.0,71.2,379107.0,1068860455.0,83.0,71.0,TAIR,Iran Tire-a,ايران‌_تاير-ت,13961110.0,71.48,False,False,False,3,17.1110665845369,0.0028089887640449836,0.028089887640449437
20,2018-01-30,پلاسك,804.89,809.0,786.0,798.93,1430407.0,1149493390.0,222.0,788.0,PLKK,Plascokar Saipa-a,پلاسكوكار-ت,13961110.0,792.97,False,False,False,3,20.85674290954188,-0.007459977720200814,0.028788504624935853
21,2018-01-31,بترانس,494.78,495.0,486.0,493.13,98023.0,525778654.0,72.0,493.0,TRNS,S*Iran Transfo-a,ايران‌_ترانسفو-ت,13961111.0,493.22,False,False,False,4,17.69373025495968,-0.003345973678340351,0.018250765518220347
21,2018-01-31,بسويچ,2188.3,2216.0,2188.0,2178.61,3000.0,23802000.0,3.0,2178.0,SWIC,Pars Switch-a,پارس‌سويچ‌-ت,13961111.0,2215.72,False,False,False,4,15.692809905391794,-0.0044477901046998105,0.01285223146868875
21,2018-01-31,بموتو,2614.12,2621.0,2613.0,2660.74,34461.0,118001217.0,26.0,2667.0,MOTJ,Motogen-a,موتوژن‌-ت,13961111.0,2613.36,False,False,False,4,18.33394308738879,0.017521441403519283,0.0030066823515262674
21,2018-01-31,پتاير,71.99,73.0,71.0,71.15,344150.0,969490387.0,91.0,71.0,TAIR,Iran Tire-a,ايران‌_تاير-ت,13961111.0,70.52,False,False,False,4,17.013623212362372,-0.011806043569922545,0.028109627547434995
21,2018-01-31,پلاسك,800.92,809.0,793.0,798.93,2642459.0,2124734263.0,260.0,799.0,PLKK,Plascokar Saipa-a,پلاسكوكار-ت,13961111.0,807.88,False,False,False,4,21.470493813412393,-0.0024908314871140264,0.020026785826042334
22,2018-02-03,بترانس,494.6,495.0,488.0,493.22,102251.0,551517652.0,57.0,493.0,TRNS,S*Iran Transfo-a,ايران‌_ترانسفو-ت,13961114.0,494.87,False,False,False,0,17.73614117577673,-0.002797940067312752,0.014192449616803859
22,2018-02-03,بسويچ,2201.87,2216.0,2202.0,2181.1,9085.0,72331800.0,8.0,2179.0,SWIC,Pars Switch-a,پارس‌سويچ‌-ت,13961114.0,2215.72,False,False,False,0,16.80196459650808,-0.009522717894640311,0.006418779514923663
22,2018-02-03,بموتو,2611.83,2614.0,2584.0,2640.1,109119.0,372661997.0,40.0,2661.0,MOTJ,Motogen-a,موتوژن‌-ت,13961114.0,2602.66,False,False,False,0,19.47876638302328,0.01070792773001022,0.011363205939168971
22,2018-02-03,پتاير,70.72,75.0,71.0,74.56,2152295.0,6354249794.0,286.0,71.0,TAIR,Iran Tire-a,ايران‌_تاير-ت,13961114.0,74.61,False,False,False,0,18.893649443030686,0.05150214592274682,0.0536480686695279
22,2018-02-03,پلاسك,808.87,827.0,806.0,814.83,2281629.0,1871919866.0,346.0,799.0,PLKK,Plascokar Saipa-a,پلاسكوكار-ت,13961114.0,807.88,False,False,False,0,21.343379722026125,0.007314409140556971,0.02577224697176098
23,2018-02-04,بترانس,494.78,495.0,484.0,492.95,149592.0,800282834.0,159.0,493.0,TRNS,S*Iran Transfo-a,ايران‌_ترانسفو-ت,13961115.0,492.58,False,False,False,1,18.116074616177848,-0.003712344051120771,0.02231463637285729
23,2018-02-04,بسويچ,2216.28,2216.0,2216.0,2181.1,300.0,2400600.0,2.0,2181.0,SWIC,Pars Switch-a,پارس‌سويچ‌-ت,13961115.0,2216.28,False,True,False,1,13.391367090334008,-0.016129475952501166,0.0
23,2018-02-04,بموتو,2599.6,2600.0,2579.0,2634.75,24095.0,81479106.0,16.0,2640.0,MOTJ,Motogen-a,موتوژن‌-ت,13961115.0,2579.74,False,False,False,1,17.96630320888848,0.013340924186355477,0.007970395673213778
23,2018-02-04,پتاير,74.84,76.0,73.0,74.77,458651.0,1357668329.0,138.0,75.0,TAIR,Iran Tire-a,ايران‌_تاير-ت,13961115.0,74.51,False,False,False,1,17.350461586259033,-0.000936204360037547,0.04012304400160492
23,2018-02-04,پلاسك,805.89,856.0,806.0,847.62,9528679.0,8130341637.0,898.0,815.0,PLKK,Plascokar Saipa-a,پلاسكوكار-ت,13961115.0,855.57,False,False,False,1,22.812249073273765,0.049231967155093107,0.05898869776550813
24,2018-02-05,بترانس,494.32,494.0,490.0,493.86,7517719.0,40495011169.0,437.0,493.0,TRNS,S*Iran Transfo-a,ايران‌_ترانسفو-ت,13961116.0,492.67,False,False,False,2,22.035025401658373,-0.0009314380593690105,0.008099461385817843
24,2018-02-05,بسويچ,2218.49,2218.0,2213.0,2183.32,6510.0,52067900.0,6.0,2181.0,SWIC,Pars Switch-a,پارس‌سويچ‌-ت,13961116.0,2215.17,False,False,False,2,16.469696668274928,-0.016108495319055206,0.0022900903211622663
24,2018-02-05,بموتو,2559.87,2652.0,2558.0,2631.7,144531.0,497177840.0,38.0,2635.0,MOTJ,Motogen-a,موتوژن‌-ت,13961116.0,2613.36,False,False,False,2,19.756634600583585,0.027294144469354385,0.035718356955580045
24,2018-02-05,پتاير,73.25,74.0,71.0,72.47,552087.0,1584098484.0,167.0,75.0,TAIR,Iran Tire-a,ايران‌_تاير-ت,13961116.0,72.75,False,False,False,2,17.50463360465713,-0.010763074375603714,0.04139643990616807
24,2018-02-05,پلاسك,879.42,889.0,865.0,885.38,4521903.0,4029009778.0,382.0,848.0,PLKK,Plascokar Saipa-a,پلاسكوكار-ت,13961116.0,889.36,False,False,False,2,22.110460412286866,0.006731572883959471,0.027107004901850053
25,2018-02-06,بترانس,494.14,494.0,489.0,493.68,311807.0,1676698083.0,127.0,494.0,TRNS,S*Iran Transfo-a,ايران‌_ترانسفو-ت,13961117.0,492.76,False,False,False,3,18.852027219655266,-0.0009317776697455427,0.010128018149408523
25,2018-02-06,بسويچ,2136.79,2215.0,2137.0,2184.7,18112.0,143326780.0,17.0,2183.0,SWIC,Pars Switch-a,پارس‌سويچ‌-ت,13961117.0,2214.89,False,False,False,3,17.493563779334956,0.021929784409758714,0.035702842495537145
25,2018-02-06,بموتو,2647.74,2648.0,2598.0,2631.7,20287.0,69833213.0,17.0,2632.0,MOTJ,Motogen-a,موتوژن‌-ت,13961117.0,2613.36,False,False,False,3,17.793120869987206,-0.006094919633696836,0.018999126040202152
25,2018-02-06,پتاير,73.76,75.0,72.0,74.24,1295864.0,3808934401.0,208.0,72.0,TAIR,Iran Tire-a,ايران‌_تاير-ت,13961117.0,74.01,False,False,False,3,18.38199130059429,0.006465517241379173,0.04040948275862069
25,2018-02-06,پلاسك,913.21,918.0,862.0,897.31,12816323.0,11577668893.0,1320.0,885.0,PLKK,Plascokar Saipa-a,پلاسكوكار-ت,13961117.0,893.33,False,False,False,3,23.16563154963076,-0.017719628667907515,0.062408755056780826
26,2018-02-07,بترانس,494.6,495.0,484.0,493.5,92995.0,497229343.0,112.0,494.0,TRNS,S*Iran Transfo-a,ايران‌_ترانسفو-ت,13961118.0,493.41,False,False,False,4,17.641823866122763,-0.0022289766970618493,0.022289766970618033
26,2018-02-07,بسويچ,2188.3,2189.0,2188.0,2184.7,3413.0,26969113.0,2.0,2185.0,SWIC,Pars Switch-a,پارس‌سويچ‌-ت,13961118.0,2188.58,False,False,False,4,15.824580747238754,-0.0016478234997941888,0.00045772874994278394
26,2018-02-07,بموتو,2613.36,2655.0,2613.0,2631.7,32643.0,112369505.0,28.0,2632.0,MOTJ,Motogen-a,موتوژن‌-ت,13961118.0,2621.0,False,False,False,4,18.268771020804998,0.006968879431546032,0.015959265873769807
26,2018-02-07,پتاير,74.01,75.0,73.0,73.45,384249.0,1117248397.0,80.0,74.0,TAIR,Iran Tire-a,ايران‌_تاير-ت,13961118.0,72.54,False,False,False,4,17.155650961544993,-0.00762423417290677,0.02722940776038121
26,2018-02-07,پلاسك,907.25,939.0,880.0,920.16,11372997.0,10530912658.0,1209.0,897.0,PLKK,Plascokar Saipa-a,پلاسكوكار-ت,13961118.0,898.3,False,False,False,4,23.07129998734935,0.014030168666318867,0.06411928360285168
27,2018-02-10,بترانس,493.68,494.0,481.0,493.31,102643.0,549875693.0,55.0,493.0,TRNS,S*Iran Transfo-a,ايران‌_ترانسفو-ت,13961121.0,493.22,False,False,False,0,17.740150006907584,-0.0007500354746508373,0.02635259775800207
27,2018-02-10,بسويچ,2190.8,2191.0,2191.0,2184.7,1467.0,11603970.0,3.0,2185.0,SWIC,Pars Switch-a,پارس‌سويچ‌-ت,13961121.0,2190.8,False,True,False,0,14.980208576475029,-0.0027921453746511484,0.0
27,2018-02-10,بموتو,2659.21,2663.0,2606.0,2632.46,21112.0,72980985.0,13.0,2632.0,MOTJ,Motogen-a,موتوژن‌-ت,13961121.0,2643.92,False,False,False,0,17.83327092739399,-0.010161597897024076,0.02165275065907934
27,2018-02-10,پتاير,72.59,73.0,72.0,72.37,131364.0,374554642.0,76.0,73.0,TAIR,Iran Tire-a,ايران‌_تاير-ت,13961121.0,71.63,False,False,False,0,16.067519223770592,-0.003039933674174366,0.01381788033715628
27,2018-02-10,پلاسك,912.21,966.0,882.0,947.99,18990793.0,18117533700.0,1740.0,920.0,PLKK,Plascokar Saipa-a,پلاسكوكار-ت,13961121.0,949.97,False,False,False,0,23.613808794413202,0.03774301416681607,0.08860852962583994
28,2018-02-12,بترانس,492.03,492.0,481.0,492.86,250073.0,1338716695.0,106.0,493.0,TRNS,S*Iran Transfo-a,ايران‌_ترانسفو-ت,13961123.0,485.89,False,False,False,2,18.62973331227542,0.001684048208416266,0.022318711195877125
28,2018-02-12,بسويچ,2201.87,2202.0,2202.0,2184.7,200.0,1590000.0,2.0,2185.0,SWIC,Pars Switch-a,پارس‌سويچ‌-ت,13961123.0,2201.87,False,True,False,2,12.987551164880083,-0.007859202636517633,0.0
28,2018-02-12,بموتو,2663.03,2663.0,2614.0,2635.52,35670.0,124088120.0,12.0,2632.0,MOTJ,Motogen-a,موتوژن‌-ت,13961123.0,2614.12,False,False,False,2,18.358901063312253,-0.010438167799902948,0.018592156386595435
28,2018-02-12,پتاير,71.48,74.0,71.0,72.47,202874.0,581986357.0,54.0,72.0,TAIR,Iran Tire-a,ايران‌_تاير-ت,13961123.0,73.5,False,False,False,2,16.503513058782374,0.013660825169035393,0.04139643990616807
28,2018-02-12,پلاسك,958.92,994.0,934.0,977.8,12293681.0,12093142585.0,1264.0,948.0,PLKK,Plascokar Saipa-a,پلاسكوكار-ت,13961123.0,987.74,False,False,False,2,23.20990109864027,0.019308652076089176,0.06136224176723257
29,2018-02-13,بترانس,493.22,509.0,490.0,505.32,9558900.0,52692349632.0,235.0,493.0,TRNS,S*Iran Transfo-a,ايران‌_ترانسفو-ت,13961124.0,494.97,False,False,False,3,22.298175107607687,0.023945222829098327,0.037599936673790864
29,2018-02-13,بسويچ,2201.87,2202.0,2202.0,2185.53,5026.0,39956700.0,5.0,2185.0,SWIC,Pars Switch-a,پارس‌سويچ‌-ت,13961124.0,2201.87,False,True,False,3,16.21199335914866,-0.007476447360594313,0.0
29,2018-02-13,بموتو,2636.28,2636.0,2602.0,2635.52,2603.0,8891518.0,7.0,2636.0,MOTJ,Motogen-a,موتوژن‌-ت,13961124.0,2602.66,False,False,False,3,15.741255689953881,-0.00028836813987380796,0.01290067994171928
29,2018-02-13,پتاير,73.2,74.0,72.0,72.09,625916.0,1786300671.0,132.0,72.0,TAIR,Iran Tire-a,ايران‌_تاير-ت,13961124.0,73.12,False,False,False,3,17.624886794191557,-0.015397419891801906,0.02774309890414759
29,2018-02-13,پلاسك,973.82,974.0,929.0,943.02,9605476.0,9118904593.0,930.0,978.0,PLKK,Plascokar Saipa-a,پلاسكوكار-ت,13961124.0,937.06,False,False,False,3,22.926931401795276,-0.03266102521685656,0.047719030349303304
30,2018-02-14,بترانس,504.22,504.0,495.0,504.77,130554.0,709898501.0,55.0,505.0,TRNS,S*Iran Transfo-a,ايران‌_ترانسفو-ت,13961125.0,496.89,False,False,False,4,18.00364509324356,0.0010896051667095004,0.01782990272797512
30,2018-02-14,بسويچ,2204.64,2216.0,2202.0,2187.47,7825.0,62467610.0,10.0,2186.0,SWIC,Pars Switch-a,پارس‌سويچ‌-ت,13961125.0,2215.72,False,False,False,4,16.65557991926037,-0.007849250504006946,0.006400087772632311
30,2018-02-14,بموتو,2636.28,2687.0,2576.0,2611.83,289308.0,988780784.0,56.0,2636.0,MOTJ,Motogen-a,موتوژن‌-ت,13961125.0,2590.43,False,False,False,4,20.443053547588907,-0.009361252455175212,0.042498937526561836
30,2018-02-14,پتاير,72.27,73.0,72.0,72.82,207164.0,597357217.0,68.0,72.0,TAIR,Iran Tire-a,ايران‌_تاير-ت,13961125.0,72.67,False,False,False,4,16.529256671845566,0.0075528700906344025,0.013732491073880804
30,2018-02-14,پلاسك,944.01,990.0,944.0,987.74,15225851.0,15135576883.0,1151.0,943.0,PLKK,Plascokar Saipa-a,پلاسكوكار-ت,13961125.0,989.72,False,False,False,4,23.433924770128876,0.044272784335958874,0.04657095996922267
31,2018-02-17,بترانس,503.77,504.0,494.0,504.59,67721.0,369191423.0,46.0,505.0,TRNS,S*Iran Transfo-a,ايران‌_ترانسفو-ت,13961128.0,500.28,False,False,False,0,17.34689782115762,0.0016250817495392165,0.019818070116332073
31,2018-02-17,بسويچ,2188.58,2189.0,2189.0,2187.47,700.0,5531400.0,2.0,2187.0,SWIC,Pars Switch-a,پارس‌سويچ‌-ت,13961128.0,2188.58,False,True,False,0,14.241581238895417,-0.0005074355305444771,0.0
31,2018-02-17,بموتو,2588.91,2742.0,2589.0,2708.88,336590.0,1193342532.0,47.0,2612.0,MOTJ,Motogen-a,موتوژن‌-ت,13961128.0,2735.62,False,False,False,0,20.630911395759767,0.04428767608753442,0.056480907238415874
31,2018-02-17,پتاير,73.25,74.0,72.0,72.62,299422.0,860761242.0,80.0,73.0,TAIR,Iran Tire-a,ايران‌_تاير-ت,13961128.0,71.79,False,False,False,0,16.89484959454823,-0.008675296061690931,0.027540622418066648
31,2018-02-17,پلاسك,987.74,1014.0,955.0,975.81,6887067.0,6761904257.0,703.0,988.0,PLKK,Plascokar Saipa-a,پلاسكوكار-ت,13961128.0,968.86,False,False,False,0,22.628423758284317,-0.01222574066672822,0.060462590053391545
32,2018-02-18,بترانس,500.47,504.0,490.0,504.04,456517.0,2503653921.0,58.0,505.0,TRNS,S*Iran Transfo-a,ايران‌_ترانسفو-ت,13961129.0,501.11,False,False,False,1,19.25403684819383,0.007082771208634222,0.02777557336719308
32,2018-02-18,بسويچ,2188.58,2241.0,2189.0,2222.09,81887.0,659218103.0,18.0,2187.0,SWIC,Pars Switch-a,پارس‌سويچ‌-ت,13961129.0,2240.65,False,False,False,1,19.01929900051318,0.015080397283638474,0.02340139238284678
32,2018-02-18,بموتو,2677.55,2684.0,2613.0,2702.0,36385.0,126488605.0,21.0,2709.0,MOTJ,Motogen-a,موتوژن‌-ت,13961129.0,2658.44,False,False,False,1,18.403659399301333,0.009048852701702375,0.026276831976313843
32,2018-02-18,پتاير,71.79,73.0,71.0,71.38,448456.0,1267192297.0,109.0,73.0,TAIR,Iran Tire-a,ايران‌_تاير-ت,13961129.0,71.48,False,False,False,1,17.281583568936654,-0.00574390585598222,0.02801905295601009
32,2018-02-18,پلاسك,978.79,979.0,938.0,947.99,4793830.0,4575055144.0,539.0,976.0,PLKK,Plascokar Saipa-a,پلاسكوكار-ت,13961129.0,938.05,False,False,False,1,22.237184186030984,-0.03248979419614126,0.0432494013649933
33,2018-02-19,بترانس,499.0,499.0,493.0,503.67,85037.0,461950723.0,49.0,504.0,TRNS,S*Iran Transfo-a,ايران‌_ترانسفو-ت,13961130.0,497.53,False,False,False,2,17.572763026593517,0.00927194393154251,0.011912561796414319
33,2018-02-19,بسويچ,2201.87,2216.0,2202.0,2222.09,1079.0,8608950.0,2.0,2222.0,SWIC,Pars Switch-a,پارس‌سويچ‌-ت,13961130.0,2215.72,False,False,False,2,14.689993438687848,0.009099541422714765,0.006300374872304902
33,2018-02-19,بموتو,2640.1,2650.0,2598.0,2689.77,52012.0,179496982.0,38.0,2702.0,MOTJ,Motogen-a,موتوژن‌-ت,13961130.0,2606.48,False,False,False,2,18.756440707252867,0.01846626291467303,0.019332507983954018
33,2018-02-19,پتاير,71.48,73.0,71.0,72.11,1019504.0,2910595508.0,195.0,71.0,TAIR,Iran Tire-a,ايران‌_تاير-ت,13961130.0,73.3,False,False,False,2,18.113019523409527,0.008736652336707744,0.02773540424351685
33,2018-02-19,پلاسك,935.07,995.0,921.0,978.79,10227709.0,10078407776.0,988.0,948.0,PLKK,Plascokar Saipa-a,پلاسكوكار-ت,13961130.0,994.69,False,False,False,2,23.02692827860292,0.044667395457656814,0.07560355132357298
34,2018-02-21,بترانس,503.86,504.0,493.0,503.4,88121.0,480085811.0,36.0,504.0,TRNS,S*Iran Transfo-a,ايران‌_ترانسفو-ت,13961202.0,493.96,False,False,False,4,17.607851231714704,-0.0009137862534764331,0.021851410409217325
34,2018-02-21,بسويچ,2242.87,2243.0,2243.0,2222.37,1200.0,9719986.0,4.0,2222.0,SWIC,Pars Switch-a,پارس‌سويچ‌-ت,13961202.0,2243.42,False,True,False,4,14.796406308764974,-0.009224386578292543,0.0
34,2018-02-21,بموتو,2602.66,2687.0,2603.0,2688.24,6473.0,22114443.0,10.0,2690.0,MOTJ,Motogen-a,موتوژن‌-ت,13961202.0,2687.48,False,False,False,4,16.672036941917103,0.031834955212332205,0.03124721007052942
34,2018-02-21,پتاير,73.68,76.0,72.0,74.72,1530916.0,4528684164.0,313.0,72.0,TAIR,Iran Tire-a,ايران‌_تاير-ت,13961202.0,75.7,False,False,False,4,18.55512460095462,0.013918629550321093,0.05353319057815846
34,2018-02-21,پلاسك,1025.5,1027.0,990.0,1023.51,24427453.0,25167142386.0,1940.0,979.0,PLKK,Plascokar Saipa-a,پلاسكوكار-ت,13961202.0,1014.57,False,False,False,4,23.9422113561871,-0.0019442897480239658,0.03615011089290774
35,2018-02-24,بترانس,495.15,503.0,493.0,501.29,1306320.0,7137812572.0,77.0,503.0,TRNS,S*Iran Transfo-a,ايران‌_ترانسفو-ت,13961205.0,495.06,False,False,False,0,20.299909357711833,0.012248399130244057,0.01994853278541363
35,2018-02-24,بسويچ,2188.86,2243.0,2189.0,2222.09,1344.0,10722204.0,5.0,2222.0,SWIC,Pars Switch-a,پارس‌سويچ‌-ت,13961205.0,2201.87,False,False,False,0,14.909608994512809,0.014954389786192285,0.024301445936033193
35,2018-02-24,بموتو,2586.61,2674.0,2636.0,2688.24,590.0,2050500.0,2.0,2688.0,MOTJ,Motogen-a,موتوژن‌-ت,13961205.0,2636.28,False,False,False,0,14.276764520271358,0.037805404279379694,0.014135642650953784
35,2018-02-24,پتاير,78.05,78.0,77.0,77.8,3317819.0,10217811345.0,660.0,75.0,TAIR,Iran Tire-a,ايران‌_تاير-ت,13961205.0,78.2,False,False,False,0,19.36895962849462,-0.003213367609254499,0.012853470437017995
35,2018-02-24,پلاسك,1042.39,1042.0,982.0,1013.57,14969722.0,15272622646.0,1391.0,1024.0,PLKK,Plascokar Saipa-a,پلاسكوكار-ت,13961205.0,987.74,False,False,False,0,23.442774216843663,-0.028434148603451215,0.05919670077054372
36,2018-02-25,بترانس,495.15,497.0,486.0,499.37,221080.0,1177932325.0,99.0,501.0,TRNS,S*Iran Transfo-a,ايران‌_ترانسفو-ت,13961206.0,492.31,False,False,False,1,18.51962720990197,0.008450647816248527,0.02202775497126379
36,2018-02-25,بسويچ,2203.54,2247.0,2202.0,2231.23,55961.0,452230495.0,9.0,2222.0,SWIC,Pars Switch-a,پارس‌سويچ‌-ت,13961206.0,2247.02,False,False,False,1,18.64271858042917,0.012410195273459058,0.02016824800670482
36,2018-02-25,بموتو,2674.49,2708.0,2636.0,2685.95,36647.0,128072407.0,18.0,2688.0,MOTJ,Motogen-a,موتوژن‌-ت,13961206.0,2674.49,False,False,False,1,18.404876610444617,0.004266646810253369,0.02680615797017815
36,2018-02-25,پتاير,77.75,78.0,75.0,76.33,1060912.0,3206445442.0,260.0,78.0,TAIR,Iran Tire-a,ايران‌_تاير-ت,13961206.0,75.75,False,False,False,1,18.20970551934468,-0.018603432464299775,0.039303026333027645
36,2018-02-25,پلاسك,993.7,1034.0,976.0,1008.6,8802052.0,8937603499.0,883.0,1014.0,PLKK,Plascokar Saipa-a,پلاسكوكار-ت,13961206.0,998.67,False,False,False,1,22.906813943726586,0.014772952607574833,0.05750545310331152
37,2018-02-26,بترانس,494.51,498.0,486.0,498.72,153307.0,824054925.0,85.0,499.0,TRNS,S*Iran Transfo-a,ايران‌_ترانسفو-ت,13961207.0,489.56,False,False,False,2,18.152242541936907,0.008441610522938795,0.02406159769008662
37,2018-02-26,بسويچ,2243.42,2243.0,2215.0,2230.96,1310.0,10480945.0,6.0,2231.0,SWIC,Pars Switch-a,پارس‌سويچ‌-ت,13961207.0,2215.45,False,False,False,2,14.88796968128726,-0.005585039624197671,0.012550650840893606
37,2018-02-26,بموتو,2674.49,2674.0,2613.0,2682.13,18080.0,62130490.0,25.0,2686.0,MOTJ,Motogen-a,موتوژن‌-ت,13961207.0,2613.36,False,False,False,2,17.696928167903177,0.0028484823628982664,0.022743118342511363
37,2018-02-26,پتاير,77.8,78.0,75.0,76.53,619909.0,1878106600.0,159.0,76.0,TAIR,Iran Tire-a,ايران‌_تاير-ت,13961207.0,75.52,False,False,False,2,17.67501079287717,-0.016594799425062014,0.03920031360250882
37,2018-02-26,پلاسك,998.67,1028.0,980.0,1000.65,6626921.0,6675827644.0,689.0,1009.0,PLKK,Plascokar Saipa-a,پلاسكوكار-ت,13961207.0,983.76,False,False,False,2,22.61505591789341,0.0019787138360066138,0.04796882026682656
38,2018-02-27,بترانس,498.63,499.0,490.0,498.36,96064.0,516587472.0,69.0,499.0,TRNS,S*Iran Transfo-a,ايران‌_ترانسفو-ت,13961208.0,492.21,False,False,False,3,17.684092622423798,-0.0005417770286539486,0.018059234288466168
38,2018-02-27,بسويچ,2243.42,2243.0,2215.0,2230.96,1310.0,10480945.0,6.0,2231.0,SWIC,Pars Switch-a,پارس‌سويچ‌-ت,13961207.0,2215.45,True,False,False,3,14.88796968128726,-0.005585039624197671,0.012550650840893606
38,2018-02-27,بموتو,2667.61,2668.0,2636.0,2681.37,4698.0,16324485.0,9.0,2682.0,MOTJ,Motogen-a,موتوژن‌-ت,13961208.0,2666.85,False,False,False,3,16.348975302138456,0.005131705061218617,0.011934197816787687
38,2018-02-27,پتاير,75.8,76.0,73.0,74.29,498040.0,1464912219.0,149.0,77.0,TAIR,Iran Tire-a,ايران‌_تاير-ت,13961208.0,73.63,False,False,False,3,17.426412027230064,-0.020325750437474636,0.04038228563736707
38,2018-02-27,پلاسك,989.72,1000.0,954.0,979.79,5788499.0,5710161415.0,604.0,1001.0,PLKK,Plascokar Saipa-a,پلاسكوكار-ت,13961208.0,977.8,False,False,False,3,22.458721838859447,-0.010134824809397997,0.046948835975055885
39,2018-02-28,بترانس,494.14,495.0,487.0,497.62,185707.0,997048016.0,119.0,498.0,TRNS,S*Iran Transfo-a,ايران‌_ترانسفو-ت,13961209.0,492.31,False,False,False,4,18.341762175380975,0.006993288051123384,0.01607652425545597
39,2018-02-28,بسويچ,2215.72,2216.0,2216.0,2230.4,4000.0,32000000.0,1.0,2231.0,SWIC,Pars Switch-a,پارس‌سويچ‌-ت,13961209.0,2215.72,False,False,True,4,16.003985860668234,0.006581779053084779,0.0
39,2018-02-28,بموتو,2605.72,2636.0,2598.0,2674.49,32505.0,111651681.0,15.0,2681.0,MOTJ,Motogen-a,موتوژن‌-ت,13961209.0,2598.84,False,False,False,4,18.280663189586246,0.02571331356632479,0.014208316351902606
39,2018-02-28,پتاير,73.25,78.0,73.0,76.96,1379990.0,4204792976.0,350.0,74.0,TAIR,Iran Tire-a,ايران‌_تاير-ت,13961209.0,78.0,False,False,False,4,18.480872617087773,0.04820686070686063,0.06496881496881497
39,2018-02-28,پلاسك,988.73,1023.0,974.0,1003.63,7279223.0,7351172914.0,780.0,980.0,PLKK,Plascokar Saipa-a,پلاسكوكار-ت,13961209.0,998.67,False,False,False,4,22.71191339014041,0.014846108625688727,0.04882277333280193
40,2018-03-03,بترانس,492.31,495.0,482.0,496.89,120716.0,643397588.0,95.0,498.0,TRNS,S*Iran Transfo-a,ايران‌_ترانسفو-ت,13961212.0,492.31,False,False,False,0,17.909564631998766,0.009217331803819727,0.026162732194248226
40,2018-03-03,بسويچ,2243.42,2285.0,2243.0,2232.06,3618.0,29688893.0,8.0,2230.0,SWIC,Pars Switch-a,پارس‌سويچ‌-ت,13961212.0,2284.96,False,False,False,0,15.904356870815565,-0.005089468921086408,0.018816698475847424
40,2018-03-03,بموتو,2598.84,2599.0,2599.0,2674.49,782.0,2659582.0,2.0,2674.0,MOTJ,Motogen-a,موتوژن‌-ت,13961212.0,2598.84,False,False,True,0,14.553368727492987,0.028285766632142818,0.0
40,2018-03-03,پتاير,78.81,81.0,77.0,79.36,1198649.0,3765645779.0,304.0,77.0,TAIR,Iran Tire-a,ايران‌_تاير-ت,13961212.0,78.58,False,False,False,0,18.3707001101751,0.006930443548387061,0.05040322580645162
40,2018-03-03,پلاسك,1008.6,1017.0,975.0,992.7,6406380.0,6397221583.0,735.0,1004.0,PLKK,Plascokar Saipa-a,پلاسكوكار-ت,13961212.0,974.82,False,False,False,0,22.573233430375666,-0.01601692354185552,0.042308854638863705
41,2018-03-04,بترانس,496.89,498.0,490.0,496.8,207959.0,1125884330.0,54.0,497.0,TRNS,S*Iran Transfo-a,ايران‌_ترانسفو-ت,13961213.0,493.68,False,False,False,1,18.453283754488318,-0.0001811594202898047,0.01610305958132045
41,2018-03-04,بسويچ,2293.55,2294.0,2294.0,2232.06,125.0,1035125.0,1.0,2232.0,SWIC,Pars Switch-a,پارس‌سويچ‌-ت,13961213.0,2293.55,False,True,False,1,12.538993942162627,-0.02754854260190149,0.0
41,2018-03-04,بموتو,2600.37,2600.0,2598.0,2667.61,23828.0,81017410.0,8.0,2674.0,MOTJ,Motogen-a,موتوژن‌-ت,13961213.0,2598.08,False,False,False,1,17.96755485818766,0.025206083348015728,0.0007497347813211076
41,2018-03-04,پتاير,79.31,79.0,75.0,76.31,1817802.0,5492171420.0,271.0,79.0,TAIR,Iran Tire-a,ايران‌_تاير-ت,13961213.0,75.78,False,False,False,1,18.747942628198793,-0.03931332721792687,0.0524177696239025
41,2018-03-04,پلاسك,980.78,994.0,946.0,960.91,7212525.0,6973055075.0,705.0,993.0,PLKK,Plascokar Saipa-a,پلاسكوكار-ت,13961213.0,952.96,False,False,False,1,22.65921040813625,-0.020678315346910746,0.04995264905142001
42,2018-03-05,بترانس,495.88,496.0,486.0,494.41,3018729.0,16279484483.0,207.0,497.0,TRNS,S*Iran Transfo-a,ايران‌_ترانسفو-ت,13961214.0,485.89,False,False,False,2,21.12371157231323,-0.002973240832507373,0.02022612811229546
42,2018-03-05,بسويچ,2270.84,2271.0,2216.0,2231.51,2965.0,23743671.0,6.0,2232.0,SWIC,Pars Switch-a,پارس‌سويچ‌-ت,13961214.0,2216.0,False,False,False,2,15.705066076781721,-0.017624836993784445,0.024646987914013378
42,2018-03-05,بموتو,2560.63,2636.0,2561.0,2666.08,12734.0,43838224.0,8.0,2668.0,MOTJ,Motogen-a,موتوژن‌-ت,13961214.0,2635.52,False,False,False,2,17.340395368367282,0.03955245153933859,0.02813118886154954
42,2018-03-05,پتاير,77.54,78.0,75.0,75.42,428245.0,1278545801.0,118.0,76.0,TAIR,Iran Tire-a,ايران‌_تاير-ت,13961214.0,75.02,False,False,False,2,17.290523232525185,-0.02810925483956516,0.03977724741447892
42,2018-03-05,پلاسك,963.89,964.0,913.0,928.11,9644295.0,9004670462.0,962.0,961.0,PLKK,Plascokar Saipa-a,پلاسكوكار-ت,13961214.0,919.17,False,False,False,2,22.9150273670269,-0.038551464804818365,0.054950383036493515
43,2018-03-06,بترانس,485.89,495.0,485.0,493.31,881251.0,4734624950.0,122.0,494.0,TRNS,S*Iran Transfo-a,ايران‌_ترانسفو-ت,13961215.0,485.89,False,False,False,3,19.890235547533948,0.015041251951105828,0.020271229044616975
43,2018-03-06,بسويچ,2188.58,2189.0,2189.0,2231.51,97.0,766494.0,1.0,2232.0,SWIC,Pars Switch-a,پارس‌سويچ‌-ت,13961215.0,2188.58,False,False,True,3,12.285144743853278,0.019238094384520028,0.0
43,2018-03-06,بموتو,2610.3,2610.0,2583.0,2654.62,40072.0,135620460.0,17.0,2666.0,MOTJ,Motogen-a,موتوژن‌-ت,13961215.0,2582.79,False,False,False,3,18.482489912292937,0.016695421566928492,0.010170947254220944
43,2018-03-06,پتاير,74.64,75.0,74.0,74.06,355262.0,1041679609.0,102.0,75.0,TAIR,Iran Tire-a,ايران‌_تاير-ت,13961215.0,74.01,False,False,False,3,17.085486399903168,-0.007831487982716693,0.013502565487442613
43,2018-03-06,پلاسك,913.21,914.0,882.0,886.38,9141215.0,8158076192.0,818.0,928.0,PLKK,Plascokar Saipa-a,پلاسكوكار-ت,13961215.0,902.28,False,False,False,3,22.81544961932351,-0.03026918477402473,0.036101897605992916
44,2018-03-07,بترانس,485.89,494.0,476.0,490.93,601065.0,3194597805.0,246.0,493.0,TRNS,S*Iran Transfo-a,ايران‌_ترانسفو-ت,13961216.0,485.89,False,False,False,4,19.502759912186974,0.010266229401340355,0.036665105004786834
44,2018-03-07,بسويچ,2188.58,2189.0,2188.0,2230.12,3145.0,24846166.0,2.0,2232.0,SWIC,Pars Switch-a,پارس‌سويچ‌-ت,13961216.0,2188.03,False,False,False,4,15.763379843800102,0.018626800351550572,0.00044840636378311484
44,2018-03-07,بموتو,2559.1,2598.0,2525.0,2640.1,40484.0,135401695.0,36.0,2655.0,MOTJ,Motogen-a,موتوژن‌-ت,13961216.0,2547.64,False,False,False,4,18.48723418751965,0.03068065603575622,0.027650467785311165
44,2018-03-07,پتاير,73.81,74.0,72.0,73.02,578346.0,1672280700.0,141.0,74.0,TAIR,Iran Tire-a,ايران‌_تاير-ت,13961216.0,73.5,False,False,False,4,17.558660960699925,-0.010818953711312055,0.027389756231169543
44,2018-03-07,پلاسك,894.33,914.0,884.0,903.27,2510173.0,2280873522.0,340.0,886.0,PLKK,Plascokar Saipa-a,پلاسكوكار-ت,13961216.0,900.29,False,False,False,4,21.541883745082245,0.009897372878541234,0.03321266066624597
45,2018-03-10,بترانس,486.81,493.0,472.0,489.65,842145.0,4487975327.0,357.0,491.0,TRNS,S*Iran Transfo-a,ايران‌_ترانسفو-ت,13961219.0,481.31,False,False,False,0,19.83739833759112,0.005800061268252782,0.04288777698355969
45,2018-03-10,بسويچ,2188.03,2188.0,2160.0,2229.57,878.0,6915400.0,3.0,2230.0,SWIC,Pars Switch-a,پارس‌سويچ‌-ت,13961219.0,2160.33,False,False,False,0,14.487210614384022,0.01863139529146874,0.012558475401086308
45,2018-03-10,بموتو,2569.04,2569.0,2568.0,2639.34,1458.0,4900480.0,4.0,2640.0,MOTJ,Motogen-a,موتوژن‌-ت,13961219.0,2567.51,False,False,False,0,15.163105077453755,0.026635446740473065,0.0003788825994377382
45,2018-03-10,پتاير,72.64,73.0,71.0,71.86,454395.0,1292760798.0,114.0,73.0,TAIR,Iran Tire-a,ايران‌_تاير-ت,13961219.0,71.03,False,False,False,0,17.301441924492785,-0.010854439187308672,0.027831895352073477
45,2018-03-10,پلاسك,914.2,922.0,874.0,891.35,2200711.0,1973765484.0,272.0,903.0,PLKK,Plascokar Saipa-a,پلاسكوكار-ت,13961219.0,874.45,False,False,False,0,21.3970282153326,-0.025635272339709456,0.05385090031973972
46,2018-03-11,بترانس,483.14,495.0,476.0,490.38,1243804.0,6654424184.0,167.0,490.0,TRNS,S*Iran Transfo-a,ايران‌_ترانسفو-ت,13961220.0,479.47,False,False,False,1,20.228865584353965,0.014764060524491229,0.03874546270239406
46,2018-03-11,بسويچ,2188.03,2188.0,2160.0,2229.57,878.0,6915400.0,3.0,2230.0,SWIC,Pars Switch-a,پارس‌سويچ‌-ت,13961219.0,2160.33,True,False,False,1,14.487210614384022,0.01863139529146874,0.012558475401086308
46,2018-03-11,بموتو,2621.0,2621.0,2621.0,2639.34,500.0,1715000.0,1.0,2639.0,MOTJ,Motogen-a,موتوژن‌-ت,13961220.0,2621.0,False,False,True,1,14.092892263307345,0.006948706873688174,0.0
46,2018-03-11,پتاير,71.1,74.0,70.0,70.78,896465.0,2512329819.0,210.0,72.0,TAIR,Iran Tire-a,ايران‌_تاير-ت,13961220.0,72.49,False,False,False,1,17.965791005468645,-0.004521051144390975,0.05651313930488838
46,2018-03-11,پلاسك,893.33,893.0,854.0,868.49,3821371.0,3341438043.0,410.0,891.0,PLKK,Plascokar Saipa-a,پلاسكوكار-ت,13961220.0,853.59,False,False,False,1,21.922875888227026,-0.028601365588550278,0.04490552568250642
47,2018-03-12,بترانس,485.89,490.0,475.0,487.91,739953.0,3918166580.0,185.0,490.0,TRNS,S*Iran Transfo-a,ايران‌_ترانسفو-ت,13961221.0,484.24,False,False,False,2,19.7044729122648,0.004140107806767721,0.03074337480273001
47,2018-03-12,بسويچ,2188.03,2188.0,2160.0,2229.57,878.0,6915400.0,3.0,2230.0,SWIC,Pars Switch-a,پارس‌سويچ‌-ت,13961219.0,2160.33,True,False,False,2,14.487210614384022,0.01863139529146874,0.012558475401086308
47,2018-03-12,بموتو,2536.94,2544.0,2522.0,2621.0,45029.0,149111279.0,19.0,2639.0,MOTJ,Motogen-a,موتوژن‌-ت,13961221.0,2522.43,False,False,False,2,18.58637320895516,0.032071728347958774,0.008393742846241892
47,2018-03-12,پتاير,69.97,72.0,69.0,71.31,327186.0,923589375.0,105.0,71.0,TAIR,Iran Tire-a,ايران‌_تاير-ت,13961221.0,70.75,False,False,False,2,16.965320665549477,0.018791193381012528,0.04206983592763988
47,2018-03-12,پلاسك,853.59,884.0,850.0,872.47,2054130.0,1804530842.0,311.0,868.0,PLKK,Plascokar Saipa-a,پلاسكوكار-ت,13961221.0,866.5,False,False,False,2,21.306691228138366,0.02163971254025926,0.03896982131190757
48,2018-03-13,بترانس,488.18,493.0,477.0,487.81,290367.0,1544045214.0,105.0,488.0,TRNS,S*Iran Transfo-a,ايران‌_ترانسفو-ت,13961222.0,483.05,False,False,False,3,18.768826904888737,-0.0007584920358336331,0.03279965560361616
48,2018-03-13,بسويچ,2215.72,2216.0,2216.0,2229.57,474.0,3792000.0,2.0,2230.0,SWIC,Pars Switch-a,پارس‌سويچ‌-ت,13961222.0,2215.72,False,False,True,3,13.870771342443982,0.006211960153751783,0.0
48,2018-03-13,بموتو,2643.16,2643.0,2522.0,2603.42,54308.0,180018058.0,16.0,2621.0,MOTJ,Motogen-a,موتوژن‌-ت,13961222.0,2521.66,False,False,False,3,18.76700806898468,-0.015264536647947616,0.04647732597890467
48,2018-03-13,پتاير,72.67,73.0,71.0,72.72,341679.0,983823058.0,83.0,71.0,TAIR,Iran Tire-a,ايران‌_تاير-ت,13961222.0,71.38,False,False,False,3,17.028243428665235,0.0006875687568756485,0.027502750275027504
48,2018-03-13,پلاسك,879.42,904.0,870.0,889.36,2548348.0,2280714381.0,343.0,872.0,PLKK,Plascokar Saipa-a,پلاسكوكار-ت,13961222.0,884.39,False,False,False,3,21.54145796698167,0.011176576414500376,0.03822973823873347
49,2018-03-14,بترانس,495.06,495.0,472.0,488.73,608975.0,3254778790.0,147.0,488.0,TRNS,S*Iran Transfo-a,ايران‌_ترانسفو-ت,13961223.0,485.8,False,False,False,4,19.51134268469249,-0.012951936652139185,0.04706074928897346
49,2018-03-14,بسويچ,2215.72,2216.0,2216.0,2229.57,474.0,3792000.0,2.0,2230.0,SWIC,Pars Switch-a,پارس‌سويچ‌-ت,13961222.0,2215.72,True,False,False,4,13.870771342443982,0.006211960153751783,0.0
49,2018-03-14,بموتو,2523.19,2590.0,2522.0,2585.09,64296.0,212405764.0,59.0,2603.0,MOTJ,Motogen-a,موتوژن‌-ت,13961223.0,2521.66,False,False,False,4,18.928768302476595,0.023945007717332892,0.026304693453612832
49,2018-03-14,پتاير,71.38,73.0,71.0,71.2,203206.0,572764463.0,69.0,73.0,TAIR,Iran Tire-a,ايران‌_تاير-ت,13961223.0,71.18,False,False,False,4,16.48746834022752,-0.0025280898876403456,0.028089887640449437
49,2018-03-14,پلاسك,901.28,904.0,870.0,887.37,1614013.0,1440666245.0,186.0,889.0,PLKK,Plascokar Saipa-a,پلاسكوكار-ت,13961223.0,871.47,False,False,False,4,21.082496214049772,-0.015675535571407606,0.03831547156203162
50,2018-03-17,بترانس,494.87,495.0,486.0,489.46,318100.0,1708244967.0,115.0,489.0,TRNS,S*Iran Transfo-a,ايران‌_ترانسفو-ت,13961226.0,485.89,False,False,False,0,18.86342382033209,-0.01105299718056639,0.01838761083643199
50,2018-03-17,بسويچ,2284.69,2285.0,2285.0,2229.85,500.0,4124500.0,1.0,2230.0,SWIC,Pars Switch-a,پارس‌سويچ‌-ت,13961226.0,2284.69,False,True,False,0,13.924297696040002,-0.0245935825279728,0.0
50,2018-03-17,بموتو,2491.1,2560.0,2491.0,2569.04,58166.0,191114292.0,27.0,2585.0,MOTJ,Motogen-a,موتوژن‌-ت,13961226.0,2521.66,False,False,False,0,18.822343837822245,0.030338180799053364,0.026858281692772396
50,2018-03-17,پتاير,70.98,73.0,71.0,71.68,118118.0,336293169.0,67.0,71.0,TAIR,Iran Tire-a,ايران‌_تاير-ت,13961226.0,71.23,False,False,False,0,15.95165117244756,0.009765625000000038,0.027901785714285712
50,2018-03-17,پلاسك,898.3,901.0,870.0,875.45,1341118.0,1181035293.0,164.0,887.0,PLKK,Plascokar Saipa-a,پلاسكوكار-ت,13961226.0,871.47,False,False,False,0,20.883752192299195,-0.02610086241361575,0.03541036038608715
51,2018-03-18,بترانس,494.32,494.0,469.0,487.63,558745.0,2953074240.0,346.0,489.0,TRNS,S*Iran Transfo-a,ايران‌_ترانسفو-ت,13961227.0,482.59,False,False,False,1,19.423005397879347,-0.013719418411500518,0.05126837971412752
51,2018-03-18,بسويچ,2284.69,2285.0,2285.0,2229.85,500.0,4124500.0,1.0,2230.0,SWIC,Pars Switch-a,پارس‌سويچ‌-ت,13961226.0,2284.69,True,False,False,1,13.924297696040002,-0.0245935825279728,0.0
51,2018-03-18,بموتو,2521.66,2560.0,2491.0,2558.34,51700.0,169947945.0,22.0,2569.0,MOTJ,Motogen-a,موتوژن‌-ت,13961227.0,2491.1,False,False,False,1,18.700326950143605,0.014337421922027678,0.026970613757358285
51,2018-03-18,پتاير,71.05,72.0,69.0,70.65,625497.0,1749498026.0,166.0,72.0,TAIR,Iran Tire-a,ايران‌_تاير-ت,13961227.0,69.76,False,False,False,1,17.604039921845068,-0.005661712668081974,0.04246284501061571
51,2018-03-18,پلاسك,866.5,898.0,865.0,886.38,1777537.0,1585923178.0,199.0,875.0,PLKK,Plascokar Saipa-a,پلاسكوكار-ت,13961227.0,894.33,False,False,False,1,21.17788500875692,0.022428303887723093,0.03723008190618019
52,2018-03-19,بترانس,490.01,495.0,486.0,488.27,280554.0,1502265692.0,97.0,488.0,TRNS,S*Iran Transfo-a,ايران‌_ترانسفو-ت,13961228.0,490.47,False,False,False,2,18.735390030325004,-0.003563602105392527,0.018432424683064698
52,2018-03-19,بسويچ,2284.69,2285.0,2285.0,2229.85,500.0,4124500.0,1.0,2230.0,SWIC,Pars Switch-a,پارس‌سويچ‌-ت,13961226.0,2284.69,True,False,False,2,13.924297696040002,-0.0245935825279728,0.0
52,2018-03-19,بموتو,2521.66,2522.0,2500.0,2556.81,10290.0,33942500.0,3.0,2558.0,MOTJ,Motogen-a,موتوژن‌-ت,13961228.0,2521.66,False,False,False,2,17.085443495531326,0.013747599547874145,0.008604471978754776
52,2018-03-19,پتاير,69.97,72.0,70.0,70.5,852723.0,2380187130.0,190.0,71.0,TAIR,Iran Tire-a,ايران‌_تاير-ت,13961228.0,70.27,False,False,False,2,17.911802747328725,0.007517730496453916,0.028368794326241134
52,2018-03-19,پلاسك,899.3,901.0,875.0,884.39,1337344.0,1190572386.0,161.0,886.0,PLKK,Plascokar Saipa-a,پلاسكوكار-ت,13961228.0,888.37,False,False,False,2,20.891094257254334,-0.016859078008570845,0.029398794649419375
53,2018-03-25,بترانس,490.47,495.0,485.0,488.36,69209.0,369696245.0,23.0,488.0,TRNS,S*Iran Transfo-a,ايران‌_ترانسفو-ت,13970105.0,485.89,False,False,False,1,17.3359390297531,-0.0043205831763453465,0.02047669751822426
53,2018-03-25,بسويچ,2118.51,2121.0,2119.0,2228.46,1125.0,8606250.0,2.0,2230.0,SWIC,Pars Switch-a,پارس‌سويچ‌-ت,13970105.0,2121.0,False,False,False,1,14.734604357570793,0.04933900541180897,0.0008974807714744711
53,2018-03-25,بموتو,2502.56,2503.0,2500.0,2556.81,1320.0,4320120.0,2.0,2557.0,MOTJ,Motogen-a,موتوژن‌-ت,13970105.0,2499.5,False,False,False,1,15.031902682283647,0.02121784567488394,0.001173337088012015
53,2018-03-25,پتاير,70.52,71.0,70.0,70.32,61439.0,170145860.0,22.0,70.0,TAIR,Iran Tire-a,ايران‌_تاير-ت,13970105.0,70.72,False,False,False,1,15.278856345024352,-0.002844141069397083,0.014220705346985212
53,2018-03-25,پلاسك,874.45,889.0,874.0,877.43,608833.0,537778456.0,80.0,884.0,PLKK,Plascokar Saipa-a,پلاسكوكار-ت,13970105.0,877.43,False,False,False,1,20.09629646913229,0.003396282324515807,0.01709538082810025
54,2018-03-26,بترانس,488.36,493.0,477.0,488.27,142191.0,756098746.0,34.0,488.0,TRNS,S*Iran Transfo-a,ايران‌_ترانسفو-ت,13970106.0,491.39,False,False,False,2,18.05579503474852,-0.00018432424683071218,0.03276875499211502
54,2018-03-26,بسويچ,2118.51,2121.0,2119.0,2228.46,1125.0,8606250.0,2.0,2230.0,SWIC,Pars Switch-a,پارس‌سويچ‌-ت,13970105.0,2121.0,True,False,False,2,14.734604357570793,0.04933900541180897,0.0008974807714744711
54,2018-03-26,بموتو,2548.41,2564.0,2545.0,2556.81,7150.0,23833850.0,6.0,2557.0,MOTJ,Motogen-a,موتوژن‌-ت,13970106.0,2563.69,False,False,False,2,16.721383302391285,0.0032853438464336775,0.0074311348907427615
54,2018-03-26,پتاير,71.61,72.0,71.0,70.83,94054.0,265440821.0,34.0,70.0,TAIR,Iran Tire-a,ايران‌_تاير-ت,13970106.0,71.74,False,False,False,2,15.711907004159155,-0.011012282930961473,0.014118311449950587
54,2018-03-26,پلاسك,865.51,882.0,866.0,874.45,1401172.0,1233452307.0,122.0,877.0,PLKK,Plascokar Saipa-a,پلاسكوكار-ت,13970106.0,876.44,False,False,False,2,20.926414704529186,0.010223569100577567,0.01829721539253245
55,2018-03-27,بترانس,491.39,492.0,488.0,488.46,104823.0,561796754.0,13.0,488.0,TRNS,S*Iran Transfo-a,ايران‌_ترانسفو-ت,13970107.0,491.11,False,False,False,3,17.751286077252814,-0.005998444089587698,0.008189002170085575
55,2018-03-27,بسويچ,2118.51,2121.0,2119.0,2228.46,1125.0,8606250.0,2.0,2230.0,SWIC,Pars Switch-a,پارس‌سويچ‌-ت,13970105.0,2121.0,True,False,False,3,14.734604357570793,0.04933900541180897,0.0008974807714744711
55,2018-03-27,بموتو,2497.97,2547.0,2497.0,2554.52,11956.0,39106778.0,10.0,2557.0,MOTJ,Motogen-a,موتوژن‌-ت,13970107.0,2498.74,False,False,False,3,17.23460814146484,0.022137231260667436,0.019573148771589183
55,2018-03-27,پتاير,71.03,71.0,70.0,70.47,191788.0,535106116.0,66.0,71.0,TAIR,Iran Tire-a,ايران‌_تاير-ت,13970107.0,70.4,False,False,False,3,16.41933296164107,-0.007946643961969665,0.014190435646374344
55,2018-03-27,پلاسك,870.48,880.0,845.0,855.57,1832593.0,1578375159.0,231.0,874.0,PLKK,Plascokar Saipa-a,پلاسكوكار-ت,13970107.0,849.61,False,False,False,3,21.173010375276174,-0.01742697850555766,0.040908400247788024
56,2018-03-28,بترانس,488.46,488.0,484.0,488.46,120741.0,643087430.0,26.0,488.0,TRNS,S*Iran Transfo-a,ايران‌_ترانسفو-ت,13970108.0,488.27,False,False,False,4,17.89266061938946,0.0,0.008189002170085575
56,2018-03-28,بسويچ,2118.51,2121.0,2119.0,2228.46,1125.0,8606250.0,2.0,2230.0,SWIC,Pars Switch-a,پارس‌سويچ‌-ت,13970105.0,2121.0,True,False,False,4,14.734604357570793,0.04933900541180897,0.0008974807714744711
56,2018-03-28,بموتو,2554.52,2555.0,2518.0,2553.76,7468.0,24703759.0,8.0,2555.0,MOTJ,Motogen-a,موتوژن‌-ت,13970108.0,2517.84,False,False,False,4,16.763704566595862,-0.00029760040097728975,0.014488440573898878
56,2018-03-28,پتاير,70.45,72.0,70.0,70.65,266095.0,744369014.0,82.0,70.0,TAIR,Iran Tire-a,ايران‌_تاير-ت,13970108.0,71.61,False,False,False,4,16.749346775991185,0.0028308563340410874,0.028308563340410473
56,2018-03-28,پلاسك,854.58,868.0,846.0,857.56,646745.0,558286244.0,97.0,856.0,PLKK,Plascokar Saipa-a,پلاسكوكار-ت,13970108.0,859.55,False,False,False,4,20.133798516493616,0.0034749755119174225,0.025654181631605953