,date,individual_buy_count,corporate_buy_count,individual_sell_count,corporate_sell_count,individual_buy_vol,corporate_buy_vol,individual_sell_vol,corporate_sell_vol,individual_buy_value,corporate_buy_value,individual_sell_value,corporate_sell_value,individual_buy_mean_price,individual_sell_mean_price,corporate_buy_mean_price,corporate_sell_mean_price,individual_ownership_change
0,2021-08-23,5093,9,2401,11,7706345,707790,5971161,2442974,855525114080,78233016680,662230792680,271527338080,111015.67787063777,110904.86300402887,110531.39586600545,111146.22508467139,1735184.0
1,2021-08-22,4640,16,2691,18,10643653,3120287,10191336,3572604,1174899848840,344694818550,1124584252160,395010415230,110385.01995884308,110347.08816979443,110468.94678277992,110566.52660916239,452317.0
2,2021-08-15,3244,12,1822,9,5224795,846064,3728345,2342514,551032361090,89323529680,392425696460,247930194310,105464.87682100447,105254.6629831735,105575.38162597628,105839.36501980352,1496450.0
3,2021-08-14,4513,16,2956,7,6823885,1193715,7510775,506825,695479440340,122026699550,765699618150,51806521740,101918.39990562561,101946.8188236234,102224.31614748914,102217.77090711784,-686890.0
4,2021-08-11,4499,11,2668,7,7775983,1301816,5031541,4046258,806248685090,135469852670,522019846600,419698691160,103684.47115818025,103749.49674463549,104062.21207144481,103725.14336950338,2744442.0
5,2021-08-10,3389,12,2539,10,6700351,2450235,7756301,1394285,669452361030,241235380730,770275294730,140412447030,99913.02859059174,99309.61868679413,98453.97716137432,100705.70007566603,-1055950.0
6,2021-08-09,2975,12,1557,6,3966618,776983,4368617,374984,390464322350,76410639470,429903494040,36971467780,98437.59150742521,98407.22911621687,98342.74298150667,98594.78745759818,-401999.0
7,2021-08-08,2866,11,1995,8,4965724,699138,5092773,572089,481969932560,68073333460,494408947320,55634318700,97059.34775271441,97080.49962564599,97367.52037509046,97247.66373763523,-127049.0
8,2021-08-07,4560,16,2710,7,7658634,1266259,8346885,578008,726748923420,119133443460,791108124220,54774242660,94892.76069596746,94778.84554777022,94082.99839132436,94763.81409945883,-688251.0
9,2021-08-04,3946,19,2501,12,10667369,3644245,11108663,3202951,1032515053870,353673464200,1075457286460,310731231610,96791.91315778052,96812.48647654538,97049.8592163809,97014.0447387425,-441294.0
10,2021-08-03,2768,6,1565,4,3863184,51500,3685714,228970,357317260470,4745842800,340813482380,21249620890,92492.94376607482,92468.78145726988,92152.28737864077,92805.26221775779,177470.0
11,2021-08-02,2900,17,2516,3,4747729,1979517,6251039,476207,431248031830,180464132320,567972336230,43739827920,90832.4868226472,90860.4691524081,91165.74008710205,91850.45142133567,-1503310.0
12,2021-08-01,5318,11,3155,7,9579093,747862,10112797,214158,887498223940,69176772660,936647745350,20027251250,92649.5049103292,92620.04817757144,92499.38178433989,93516.24151327525,-533704.0
13,2021-07-31,2430,8,1686,10,7893061,675500,6190073,2378488,717208673110,61406357340,562195511660,216419518790,90865.72029659976,90822.11335149036,90905.04417468542,90990.37657116621,1702988.0
14,2021-07-28,3549,6,2366,13,8290508,186713,7237625,1239596,718974881960,16221266560,627005728010,108190420510,86722.65703862779,86631.41956235643,86878.0779056627,87278.77510898712,1052883.0
15,2021-07-27,3943,9,2224,8,7199620,1018428,7050491,1167557,601463978630,85441553450,589327609980,97577922100,83541.07281078724,83586.74735986472,83895.52668426241,83574.43970615567,149129.0
16,2021-07-26,3047,4,1432,4,6056611,239533,5911644,384500,489018120840,19292963040,477432086210,30878997670,80741.21333531244,80761.30535093114,80544.07133881345,80309.48678803642,144967.0
17,2021-07-19,3043,12,1522,5,5158824,2387818,5519956,2026686,411633661370,189592951910,439069741890,162156871390,79792.15056958717,79542.25394006763,79400.08489340477,80010.85091129065,-361132.0
18,2021-07-18,4570,16,2423,6,8358286,3696971,11658440,396817,663897296370,292743147640,925264590140,31375853870,79429.83721423268,79364.35664977475,79184.59399329884,79068.8248487338,-3300154.0
19,2021-07-17,4032,10,2653,3,7832535,827524,8163603,496456,651484818460,68451932460,678980998580,40955752340,83176.75164681677,83171.7317194381,82718.96943170228,82496.23801505068,-331068.0
20,2021-07-14,5305,8,2330,18,12184565,625032,7544722,5264875,1018173203160,52215814680,629277183920,441111833920,83562.54024333245,83406.27844471937,83541.0261874592,83783.91394287614,4639843.0
21,2021-07-13,2802,6,1075,12,9261740,1745598,7009396,3997942,743757447470,140830171170,564097365720,320490252920,80304.2892015971,80477.31441054265,80677.32156544634,80163.80750896336,2252344.0
22,2021-07-07,5589,11,2722,18,18473378,829569,13317657,5985290,1685769327420,74945993140,1215686841770,545028478790,91253.98329531285,91283.83782297441,90343.29047975515,91061.33183020372,5155721.0
23,2021-07-06,3676,12,1829,10,9996686,2372467,7634572,4734581,892844745930,213766078850,683765752480,422845072300,89314.07327688397,89561.76619724066,90102.86712101792,89309.92463747055,2362114.0
24,2021-07-05,3900,9,2028,9,9117008,1301112,7266065,3152055,810618167950,115812673590,646816540950,279614300590,88912.740665578,89018.82118450633,89010.5337511298,88708.57284850677,1850943.0
25,2021-07-04,4182,11,2066,17,10312008,2579746,5592210,7299544,930357765840,234579127210,503966046510,660970846540,90220.81497997286,90119.299259148,90931.09446046238,90549.60783029735,4719798.0
26,2021-07-03,5109,10,2676,22,15782040,278061,8657994,7402107,1421959089350,25060120410,778105178310,668914031450,90099.82799118491,89871.30024691632,90124.54249247468,90368.05756117818,7124046.0
27,2021-06-30,3614,7,1787,14,10878587,407971,5031240,6255318,941367384100,35406567440,435606227540,541167724000,86533.97579115744,86580.29184455522,86786.97123079827,86513.22346841519,5847347.0
28,2021-06-29,2846,7,2184,7,6890094,352548,6479241,763401,579641717950,29538275080,544521898070,64658094960,84126.82293594253,84041.00080086541,83785.11601257134,84697.41978331178,410853.0
29,2021-06-28,2866,4,1523,11,6308113,126481,4223488,2211106,534419285400,10746602730,357844918760,187320969370,84719.35829304262,84727.34355111225,84966.1429779967,84718.22217930754,2084625.0
30,2021-06-27,3261,10,2065,17,9817613,388063,5697622,4508054,816947551760,32452815640,475563979890,373836387510,83212.44194082615,83467.09906167872,83627.69869840721,82926.33307187536,4119991.0
31,2021-06-26,2801,11,1560,11,7045079,1168324,4889450,3323953,568510839790,94353747760,394111991700,268752595850,80696.16249725518,80604.56527830329,80759.91570831378,80853.3080491812,2155629.0
32,2021-06-23,2331,6,1701,11,5693995,543235,4692009,1545221,453450140870,43294409940,373396723240,123347827570,79636.55410129443,79581.41666821185,79697.38683994955,79825.36321341737,1001986.0
33,2021-06-22,2470,8,1454,16,7402179,579566,3728442,4253303,589324822270,46216106560,296644650970,338896277860,79615.04609250871,79562.62990546721,79742.61181642815,79678.37651350022,3673737.0
34,2021-06-21,2731,6,2122,13,8769861,284653,5618641,3435873,684521827220,22090998030,438380657130,268232168120,78053.89700247244,78022.5426628966,77606.76342775239,78068.12653436259,3151220.0
35,2021-06-20,4993,12,3736,27,24166456,5528024,14577167,15117313,1871633254330,430342221570,1128206121380,1173769354520,77447.56841176878,77395.4309078026,77847.38661952263,77644.04656568267,9589289.0
36,2021-06-19,90,2,544,4,3158934,200000,808934,2550000,234361313460,14838000000,60014813460,189184500000,74190.0,74190.0,74190.0,74190.0,2350000.0
37,2021-06-16,69,4,984,6,2650115,400000,1624383,1425732,187257125900,28264000000,114778902780,100742223120,70660.0,70660.0,70660.0,70660.0,1025732.0
38,2021-06-15,813,6,834,4,1466620,456321,1654378,268563,98839310080,30581312540,111405242040,18015380580,67392.58300036819,67339.65396058216,67017.1053709998,67080.64990337462,-187758.0
39,2021-06-14,1271,5,1438,8,2880552,2114435,3359861,1635126,193809451170,143167227270,227095424520,109881253920,67282.05259616907,67590.7201280053,67709.44827814522,67200.48113723347,-479309.0
40,2021-06-13,640,3,849,4,1166555,3576939,1934811,2808683,75932462390,233095045740,125956487240,183071020890,65091.197920372375,65100.150474645845,65166.066779444656,65180.37845139519,-768256.0
41,2021-06-12,487,6,609,3,978932,5209510,2000531,4187911,62887373320,335275980250,128371675700,269791677870,64240.79846199736,64168.80103332565,64358.44834734937,64421.540445821316,-1021599.0
42,2021-06-09,578,1,383,2,985234,72244,926877,130601,63297830640,4687275710,59590095100,8395011250,64246.49437595536,64291.26529194273,64881.17642987653,64279.83897519927,58357.0
43,2021-06-08,1112,1,862,0,2254014,283048,2537062,0,145828630080,18450687540,164279317620,0,64697.304488792,64751.79464277972,65185.7195246036,,-283048.0
44,2021-06-07,862,5,1073,4,1715906,656059,2245025,126940,113020499950,43376046390,147992497300,8404049040,65866.37027319678,65920.20013140165,66116.07552064677,66204.89239010557,-529119.0
45,2021-06-02,712,4,885,6,2477157,348647,2627749,198055,159490164060,22285986940,169006771960,12769379040,64384.35838342099,64316.17782368103,63921.350076151524,64473.90391557901,-150592.0
46,2021-06-01,638,5,555,6,1156396,583647,1648659,91384,72373368600,36876426220,103460602580,5789192240,62585.28099370804,62754.39771353567,63182.75639213429,63350.17333450057,-492263.0
47,2021-05-31,601,9,905,8,1115680,1609136,2696827,27989,69938780080,100967221660,169148188960,1757812780,62687.132582819446,62721.18640164905,62746.23254964154,62803.70073957626,-1581147.0
48,2021-05-30,1392,6,1260,3,2979899,1121760,3898640,203019,189423107090,71722894450,248368823470,12777178070,63566.95548741753,63706.529320480986,63937.82489124234,62935.873341903956,-918741.0
49,2021-05-29,1380,9,1269,7,3355630,1413579,3181835,1587374,210832216760,89228999100,199990627830,100070588030,62829.39917690568,62853.86509042738,63122.7537336081,63041.59450135885,173795.0
50,2021-05-26,807,7,1393,4,2656450,2209269,2519038,2346681,160723850870,132771154790,152429442570,141065563090,60503.24714186226,60510.97385986237,60097.323951949715,60112.79892324522,137412.0
51,2021-05-25,759,3,1104,7,4609908,352570,2390682,2571796,271662861770,20829229320,140744967730,151747123360,58930.21330794454,58872.30829110689,59078.28039821879,59004.33913109749,2219226.0
52,2021-05-24,558,6,525,2,993218,562681,1073104,482795,56076623290,31758099930,60579935030,27254788190,56459.53183490432,56452.99526420552,56440.68296246008,56452.09289657101,-79886.0
53,2021-05-23,592,4,561,1,1008460,341484,1289944,60000,56704947270,19368058140,72710816320,3362189090,56229.24783333003,56367.42084927718,56717.32245141793,56036.484833333336,-281484.0
54,2021-05-22,831,9,343,4,1513906,1204868,2562210,156564,86357931820,68605836180,146047379080,8916388920,57043.12673309968,57000.549947115964,56940.54135390765,56950.44148080018,-1048304.0
55,2021-05-19,497,7,503,4,894739,431976,1113504,213211,53057679560,25792447320,66201726910,12648399970,59299.61649151317,59453.51512881857,59708.05628090449,59323.39311761588,-218765.0
56,2021-05-18,550,6,675,6,1167441,1587373,2476215,278599,70598986640,96670332030,150414816280,16854502390,60473.280140067036,60743.84343847364,60899.56930727686,60497.35422596635,-1308774.0
57,2021-05-17,611,5,873,1,1250081,1218133,2411463,56751,75565515220,74011099840,146134882490,3441732570,60448.49511351664,60600.09317580241,60757.815312449464,60646.20130041761,-1161382.0
58,2021-05-16,650,5,511,4,1266643,585607,1716092,136158,75279229800,35224916260,102430236800,8073909260,59432.081336256546,59688.08012624032,60151.118856161214,59298.08942552035,-449449.0
59,2021-05-15,689,6,616,1,1389903,183081,1452112,120872,83379215150,10951547910,87114656920,7216106140,59989.23316950895,59991.692734444725,59818.04725777115,59700.394963266925,-62209.0
60,2021-05-12,733,3,881,1,1870436,427110,2170097,127449,110900067950,25404557050,128790775190,7513849810,59291.025167394124,59347.93476512801,59480.12701645946,58955.737667616064,-299661.0
61,2021-05-11,651,4,773,5,3177756,177051,2799544,555263,185920455680,10253980970,163694490570,32479946080,58506.83805805103,58471.84061761487,57915.40838515456,58494.706256314574,378212.0
62,2021-05-10,707,3,695,1,1823066,82894,1765960,140000,101056830330,4571228460,97825858790,7802200000,55432.34876301791,55395.285731273645,55145.46842956064,55730.0,57106.0
63,2021-05-09,829,6,438,2,1535168,1573076,1499244,1609000,83805519470,85732642000,81802713790,87735447680,54590.454901352816,54562.6420982842,54500.0,54527.93516469857,35924.0
64,2021-05-08,934,4,593,3,1741835,493561,1822596,412800,97879266390,27714905000,102551732250,23042439140,56193.19073850279,56266.84808372234,56152.94765996503,55819.862257751935,-80761.0
65,2021-05-05,783,4,642,3,1476896,285505,1498063,264338,84550736620,16420063490,85886964130,15083835980,57248.94415043442,57332.010823309836,57512.350011383336,57062.68482019233,-21167.0
66,2021-05-03,696,3,522,1,1281298,41293,1322068,523,71818210380,2319968310,74108733790,29444900,56051.13750275112,56055.16039265756,56183.089385610154,56300.0,-40770.0
67,2021-05-02,923,5,559,2,1214734,705332,1915066,5000,68848457430,40032226660,108596516690,284167400,56677.80553602682,56706.409434452915,56756.572309210416,56833.48,-700332.0
68,2021-05-01,854,4,527,2,1426886,1479447,2762426,143907,83504842380,85906320380,161003345830,8407816930,58522.434434145405,58283.31540102794,58066.5075396415,58425.35060837902,-1335540.0
69,2021-04-28,908,4,699,3,1861034,85955,1662312,284677,111257684540,5133655470,99415648970,16975691040,59782.72537739773,59805.64958323107,59724.91966726776,59631.41047573215,198722.0
70,2021-04-27,1714,6,1107,0,4625977,677000,5302977,0,278289190970,40584277380,318873468350,0,60157.92792960276,60131.02986303731,59947.233943870015,,-677000.0
71,2021-04-26,1565,3,1165,12,9004465,212813,3433243,5784035,535513363620,12665554990,203092884350,345086034260,59471.98013652116,59154.82369002136,59514.94969762186,59661.81640671261,5571222.0
72,2021-04-25,867,9,582,1,1655149,2196303,2980363,871089,93242420960,123652028840,167958483130,48935966670,56334.75956545302,56355.042365644724,56300.07737548053,56177.9182953751,-1325214.0
73,2021-04-24,850,5,580,3,1581512,311044,1879076,13480,91596922240,17973941990,108793631110,777233120,57917.310927770384,57897.40867852072,57785.8502012577,57658.24332344213,-297564.0
74,2021-04-21,559,4,516,2,848198,400709,1212945,35962,50052220860,23793312170,71672770190,2172762840,59010.06705981387,59089.87644946803,59378.032861752545,60418.29820365942,-364747.0
75,2021-04-20,1010,3,645,3,2486188,97436,2234096,349528,150349729770,5861037570,134925955990,21284811350,60473.998655773416,60393.9830651861,60152.69068927296,60895.869143530705,252092.0
76,2021-04-19,862,5,816,5,1987429,1054790,1665916,1376303,120485769180,63302834690,100775572960,83013030910,60623.93634187687,60492.58963837312,60014.632950634725,60315.955796071066,321513.0
77,2021-04-18,270,5,491,1,258811,1665082,1922297,1596,15672225460,100820715100,116396302760,96637800,60554.71158490172,60550.634350467175,60550.0,60550.0,-1663486.0
78,2021-04-17,341,3,470,0,519214,1010080,1529294,0,32053436460,62352238400,94405674860,0,61734.53809026721,61731.540737098294,61730.0,,-1010080.0
79,2021-04-14,1296,5,1467,6,3430869,836407,3942598,324678,215970172150,52772272050,248259135540,20483308660,62949.11643376649,62968.412082591225,63094.010511628905,63088.07082709639,-511729.0
80,2021-04-13,1977,4,1369,9,6775658,191306,4004572,2962392,424473153060,11973195440,250326885630,186119462870,62646.77955410382,62510.272166413786,62586.61746103102,62827.42556353109,2771086.0
81,2021-04-12,888,5,1104,8,3793736,356224,3213018,936942,225222369010,20876667660,190098746100,56000290570,59366.90613421704,59165.1668618103,58605.44954859863,59769.217913168584,580718.0
82,2021-04-11,620,9,693,2,906467,1382220,2198338,90349,51479211160,78523652980,124878548800,5124315340,56791.04827864666,56805.890995834125,56809.80812027029,56716.90157057632,-1291871.0
83,2021-04-10,501,7,622,1,595493,2580086,3075579,100000,34377310460,148898783060,177505093520,5771000000,57729.15963747685,57714.36647213419,57710.78291963911,57710.0,-2480086.0
84,2021-04-07,771,7,533,2,1162178,1244181,2142588,263771,68425344950,73255793810,126131570800,15549567960,58876.82003101074,58868.79362714624,58878.727299323815,58951.01417517468,-980410.0
85,2021-04-06,737,2,585,5,1528517,135151,1362483,301185,91711185230,8123416040,81830864240,18003737030,60000.10809824163,60060.099274633154,60106.222225510726,59776.34022278666,166034.0
86,2021-04-05,1063,6,871,2,2491038,1005989,3161492,335535,149115601540,60167390110,189255992150,20026999500,59860.82971837443,59862.87238746769,59809.19285399741,59686.76740131432,-670454.0
87,2021-04-04,516,5,424,0,1141574,1900164,3041738,0,69533533600,115643981040,185177514640,0,60910.22885945195,60878.85105160274,60860.0,,-1900164.0
88,2021-04-03,552,6,598,0,911899,1741504,2653403,0,56643328340,108132175200,164775503540,0,62115.79170500242,62099.689922714344,62091.25859027599,,-1741504.0
89,2021-03-31,654,5,697,2,905551,243396,1130614,18333,57312059700,15356872980,71491817460,1177115220,63289.70946970408,63232.73677842305,63094.187989942315,64207.452135493375,-225063.0
90,2021-03-30,900,5,818,1,1546058,196212,1707270,35000,98486769160,12379431050,108630750210,2235450000,63701.85928341628,63628.33658999455,63092.120002854055,63870.0,-161212.0
91,2021-03-28,887,8,894,3,1244131,1417245,2655619,5757,78827461890,89471978080,167935555640,363884330,63359.45482429101,63237.81974748637,63130.91814047677,63207.2833072781,-1411488.0
92,2021-03-27,1156,11,1123,3,2084499,899183,2814707,168975,133960223270,57911155910,180901992310,10969386870,64264.949644974644,64270.27477815631,64404.193484529846,64917.21775410564,-730208.0
93,2021-03-17,1994,5,1840,2,5044648,966687,5478647,532688,327109995690,62409594450,355140818290,34378771850,64842.977288008995,64822.72325448236,64560.29143869732,64538.28854789295,-433999.0
94,2021-03-16,1451,8,1526,13,4402000,2877488,3930385,3349103,288259163850,188622909410,257437131050,219444942210,65483.681019990916,65499.2147206953,65551.24101646992,65523.497548448046,471615.0
95,2021-03-15,1378,8,1694,9,3009099,723186,3118473,613812,187069495080,44753549820,194057288250,37765756650,62167.94298891462,62228.30476646744,61883.87194995478,61526.58574612422,-109374.0
96,2021-03-14,1722,6,1685,4,3781671,735350,4029792,487229,228493065700,44485194870,243431533220,29546727350,60421.190976158425,60407.964783294025,60495.267382878905,60642.382432080194,-248121.0
97,2021-03-13,809,7,1723,9,3417075,2035498,4232574,1219999,198689917870,119031607410,246550668490,71170856790,58146.19751395565,58250.763835434416,58477.87981614327,58336.81567771777,-815499.0
98,2021-03-10,975,10,1151,4,1431852,1835763,3254603,13012,79314087590,102259463570,180850281000,723270160,55392.65761405508,55567.53957395111,55704.066140346,55584.85705502613,-1822751.0
99,2021-03-09,1469,6,2082,4,3719493,1465744,4917237,268000,207524552620,82833172490,275223205110,15134520000,55793.77421062494,55971.108390748705,56512.7146964272,56472.08955223881,-1197744.0
100,2021-03-08,932,3,1458,6,3487913,711000,3137388,1061525,186285942620,38222745970,167448518790,57060169800,53408.9991980878,53371.95105928881,53759.136385372716,53753.01552012435,350525.0
101,2021-03-07,860,4,942,2,1977244,167854,2033098,112000,100331082660,8505055830,103127018780,5709119710,50742.89397767802,50724.0766455921,50669.36641366902,50974.283125,-55854.0
102,2021-03-06,799,4,868,3,1908026,766774,2609100,65700,94729247460,38184002160,129655991160,3257258460,49647.77600514878,49693.76074508451,49798.24845391211,49577.75433789955,-701074.0
103,2021-03-03,991,4,550,2,1125250,174659,1157824,142085,56001743010,8796699730,57730968590,7067474150,49768.26750499889,49861.60987334863,50364.995391019074,49741.17007425133,-32574.0
104,2021-03-02,867,4,669,5,1598603,172019,1530165,240457,80395433750,8745084140,77076332840,12064185050,50291.056472432494,50371.2559364513,50837.8966276981,50171.90204485625,68438.0
105,2021-03-01,1035,5,938,3,2115231,477725,2536233,56723,104168612110,23745854810,125098083540,2816383380,49246.92012834532,49324.36552162203,49706.11713852111,49651.52372053664,-421002.0
106,2021-02-28,887,3,455,1,1004089,842000,1796089,50000,49437348770,41401140000,88379807900,2458680870,49236.02267328892,49206.80873831976,49170.0,49173.6174,-792000.0
107,2021-02-27,911,7,920,2,1646402,1236066,2832468,50000,82605313280,62000086140,142097396380,2508003040,50173.234289074,50167.34394881072,50159.20358621627,50160.0608,-1186066.0
108,2021-02-24,966,3,1215,4,1968486,178000,2027341,119145,100690288100,9144586450,103661980550,6172894000,51151.13244391883,51131.990400233604,51374.08117977528,51809.92907801418,-58855.0
109,2021-02-23,1213,4,1364,3,2787442,431234,3085173,133503,142765689940,21887290720,157710532980,6942447680,51217.45670044435,51118.86204760641,50755.02098628587,52002.184819816786,-297731.0
110,2021-02-22,356,2,168,0,240406,390000,630406,0,12234261340,19847100000,32081361340,0,50890.0,50890.0,50890.0,,-390000.0
111,2021-02-21,486,2,209,0,508707,344510,853217,0,26123704110,17690588500,43814292610,0,51353.14456062134,51351.87485715826,51350.0,,-344510.0
112,2021-02-20,835,4,708,1,1020786,1170512,2190298,1000,53500342840,61301017030,114748989870,52370000,52410.92926431201,52389.670204693604,52371.11369212789,52370.0,-1169512.0
113,2021-02-17,1079,4,718,3,1891916,755360,2557976,89300,101120100340,40325686210,136609926980,4835859570,53448.514807211315,53405.47643136605,53386.049314234275,54152.96270996641,-666060.0
114,2021-02-16,492,4,507,1,803215,1210807,1691522,322500,43650942270,65709499900,91857543540,17502898630,54345.27775253201,54304.6697234798,54269.17741638428,54272.55389147287,-888307.0
115,2021-02-15,887,5,788,4,1323044,893362,1856548,359858,73080394960,49620059040,102874255890,19826198110,55236.55672827207,55411.57884956381,55543.05985703444,55094.50424889818,-533504.0
116,2021-02-14,1626,6,1150,5,4101059,802703,4712307,191455,230714560610,44879644080,264737854950,10856349740,56257.31319885913,56180.095004421404,55910.647001443875,56704.446162283566,-611248.0
117,2021-02-13,928,2,1019,5,3763170,219082,2857761,1124491,211472296070,12301387230,160331313500,63442369800,56195.254551349,56103.82166318317,56149.69385892041,56418.74394726147,905409.0
118,2021-02-09,1404,2,1083,1,3301335,441607,3657654,85288,175789113150,23458705570,194710497120,4537321600,53247.88703660792,53233.711313317224,53121.226724214066,53200.0,-356319.0
119,2021-02-08,1572,8,1244,5,3386851,1580616,4327958,639509,177359518360,83210776720,226651848980,33918446100,52367.08622847595,52369.2348631849,52644.52385652176,53038.26232312602,-941107.0
120,2021-02-07,478,3,808,4,2271951,400000,2047102,624849,118863228170,20220577200,106272984380,32810820990,52317.690025004944,51913.868668976924,50551.443,52510.0,224849.0
121,2021-02-06,1059,4,391,0,1532832,2440000,3972832,0,76396877400,122271314100,198668191500,0,49840.34610446546,50006.693336139055,50111.19430327869,,-2440000.0
122,2021-02-03,1965,9,1035,0,3825718,1424009,5249727,0,200591822330,74033175610,274624997940,0,52432.46426683828,52312.24365381285,51989.261029951354,,-1424009.0
123,2021-02-02,1139,5,950,5,1885007,690452,2502741,72718,102204521990,37884379590,136089755720,3999145860,54219.704218605024,54376.28413007978,54868.95481510663,54995.26747160263,-617734.0
124,2021-02-01,1421,5,1181,2,2780247,973087,3699444,53890,154099839290,53962457700,205035701990,3026595000,55426.67226688852,55423.38307864641,55454.91585027854,56162.46056782334,-919197.0
125,2021-01-31,1928,6,1242,2,3906413,208000,3946413,168000,218381837610,11541663820,220603478110,9320023320,55903.417690346614,55899.74442867485,55488.76836538462,55476.32928571429,-40000.0
126,2021-01-30,1640,4,1010,7,4028718,567000,3242715,1353003,228955057280,32239810000,184156986430,77037880850,56830.747964985385,56790.9873146422,56860.335097001764,56938.4405282176,786003.0
127,2021-01-27,1977,9,1677,2,4523367,2165027,6538762,149632,244275534700,118511455900,354454368960,8332621640,54003.03240926505,54208.17716870564,54739.019836704116,55687.43076347305,-2015395.0
128,2021-01-26,1679,8,976,2,3144382,637767,3276649,505500,174563943520,35413179850,182277864100,27699259270,55516.13751764258,55629.35306772254,55526.83009625773,54795.76512363996,-132267.0
129,2021-01-25,2890,11,1766,2,7268784,1543850,8759187,53447,419116825680,89098348240,505073906080,3141267840,57659.82668903079,57662.19011878614,57711.79080869255,58773.51095477763,-1490403.0
130,2021-01-24,3924,9,2338,8,10524324,917705,9938193,1503836,632400804050,53211788700,592844163570,92768429180,60089.44650981859,59653.1143609306,57983.544494145724,61687.86302495751,586131.0
131,2021-01-23,963,2,673,3,2827258,130000,2537258,420000,169988560300,7818037170,152547797470,25258800000,60124.88435791852,60123.092515621196,60138.74746153846,60140.0,290000.0
132,2021-01-20,2587,5,1326,7,7348911,179943,5889611,1639243,421041816040,10220051260,336410763070,94851104230,57293.08955299635,57119.351867211604,56796.047970746295,57862.74776222927,1459300.0
133,2021-01-19,4486,11,3160,9,15714176,2820512,16079363,2455325,868062614760,155795468380,889917585710,133940497430,55240.73389276027,55345.325913097426,55236.59122173563,54551.025803101424,-365187.0
134,2021-01-18,435,2,32,0,330152,411863,742015,0,18306928400,22837803350,41144731750,0,55450.0,55450.0,55450.0,,-411863.0
135,2021-01-16,896,4,452,1,1373514,433567,1757081,50000,80160570750,25298634450,102541705200,2917500000,58361.669957495884,58359.12243089533,58350.0,58350.0,-383567.0
136,2021-01-13,2705,13,2480,6,5634647,2956767,8421439,169975,346356412300,181354755450,517264010510,10447157240,61469.05250674976,61422.28311693524,61335.49090949676,61462.904780114724,-2786792.0
137,2021-01-12,1650,8,838,0,2005881,1021569,3027450,0,129660369300,65633681180,195294050480,0,64640.11040535306,64507.77072453715,64247.91784010674,,-1021569.0
138,2021-01-11,2398,12,1681,7,3585195,683458,3851390,417263,242085059340,46428858860,260260730010,28253188190,67523.54037646488,67575.79211920891,67932.27800391539,67710.7440391312,-266195.0
139,2021-01-10,2500,7,1525,3,4093037,342803,4272745,163095,281126036130,23403613220,293278308300,11251341050,68683.97137138022,68639.31929005827,68271.31973757522,68986.42539624145,-179708.0
140,2021-01-09,2623,8,1964,7,4848333,323724,4407514,764543,329775068890,22234176720,300048376750,51960868860,68018.23820476027,68076.55670520842,68682.50954516811,67963.30469313041,440819.0
141,2021-01-06,3309,13,3129,9,6192818,2469521,8145357,516982,417591290110,168995844180,551414104680,35173029610,67431.54572118864,67696.73872857874,68432.64105873163,68035.30801846099,-1952539.0
142,2021-01-05,3596,10,2252,2,5619897,325540,5924537,20900,392336734900,22953339880,413805376350,1484698430,69812.08639588946,69846.02785837949,70508.50857037537,71038.2023923445,-304640.0
143,2021-01-04,4435,5,2320,10,6627652,566887,6402699,791840,482248214650,41467114000,466196179390,57519149260,72763.0561547287,72812.44665569942,73148.81801840579,72639.86317943019,224953.0
144,2021-01-03,4133,5,2495,20,14051229,740491,8931440,5860280,993859757150,52398106210,630625808410,415632054950,70731.16217449734,70607.40579458632,70761.30055598245,70923.58299432791,5119789.0
145,2021-01-02,3457,12,2314,3,6610380,1725127,7319357,1016150,446731876100,116681198750,494660992250,68752082600,67580.36241486874,67582.5748422983,67636.2950379885,67659.38355557743,-708977.0
146,2020-12-30,2758,8,2062,2,4349778,1520823,5360601,510000,306324187040,108121927860,378598999570,35847115330,70422.94734122063,70626.22261384498,71094.35342574383,70288.46143137255,-1010823.0
147,2020-12-29,4348,15,3351,6,8334967,1897714,9658450,574231,599251387760,136078944720,694158266270,41172066210,71896.07202524017,71870.56580196615,71706.77178963742,71699.48367468841,-1323483.0
148,2020-12-28,8308,2,3932,22,15298952,555085,12133393,3720644,1149640608610,41856408230,911350382920,280146633920,75145.05625025819,75110.92593143566,75405.40319050236,75295.1999492561,3165559.0
149,2020-12-27,3658,6,2599,12,11554300,517174,9581069,2490405,833489314910,37389581680,690964480670,179914415920,72136.72095323818,72117.68130153326,72295.94233275455,72243.03513685525,1973231.0
150,2020-12-26,5633,9,2434,11,10632306,970967,6633140,4970133,732894635890,66316889030,454450742790,344760782130,68930.92014940127,68512.15906644515,68299.8382334312,69366.51033885813,3999166.0
151,2020-12-23,3335,11,2143,4,5292836,782128,4905823,1169141,360425952980,53335131050,334108097860,79652986170,68096.94329845096,68104.39305698554,68192.33047531862,68129.49521913953,387013.0
152,2020-12-22,3233,5,1834,3,5218080,648577,3966950,1899707,363519805470,45017852060,276747200390,131790457140,69665.43354452212,69763.21869194217,69410.18885961112,69374.09671070328,1251130.0
153,2020-12-21,2937,10,1965,10,5474823,364089,5275102,563810,382934699580,25207851240,368478467540,39664083280,69944.67210720785,69852.38722208595,69235.41013323666,70350.08829215515,199721.0
154,2020-12-20,3560,20,3096,5,7225109,2339796,9182576,382329,508100419440,164367778250,645581315890,26886881800,70324.25662228763,70305.0337824593,70248.7645290444,70323.94037595892,-1957467.0
155,2020-12-19,6190,12,4224,4,13133187,1489515,14195368,427334,949430158250,107529562630,1026274233620,30685487260,72292.44190690348,72296.41624084701,72190.99010751821,71806.80044180898,-1062181.0
156,2020-12-16,3204,3,1311,7,7923733,731700,7875623,779810,569322037970,52838465770,566171909560,55988594180,71850.22993202825,71889.15842721268,72213.29201858686,71797.73814134212,48110.0
157,2020-12-13,8661,14,5293,23,23370987,7937398,25476377,5832008,1611127824090,543487662290,1755131740890,399483745490,68937.08956707733,68892.51720878523,68471.76647687315,68498.4906553626,-2105390.0
158,2020-11-25,4190,9,1591,7,3975723,346137,2447702,1874158,718115715810,62556321910,442243167490,338428870230,180625.18837705746,180676.88284358144,180727.05867907795,180576.48833769618,1528021.0
159,2020-11-24,3083,8,1614,14,3047386,1330072,3960977,416481,539325058540,236335254680,702420348220,73239965000,176979.56823979632,177335.12419284435,177686.0611154885,175854.27666568224,-913591.0
160,2020-11-23,1780,5,1112,15,1474394,707753,1655281,526866,271592974000,130691994150,305243274480,97041693670,184206.51060706977,184405.7138818122,184657.63359533623,184186.66922898803,-180887.0
161,2020-11-22,2053,7,1508,5,2021427,696302,2413103,304626,367489966580,127703782280,440850757060,54342991800,181797.2979385355,182690.40196792263,183402.8658254608,178392.49374643006,-391676.0
162,2020-11-21,3060,10,2184,5,2818742,1214879,3821198,212423,526329617370,226660557230,713081881290,39908293310,186725.00618006187,186612.12564488937,186570.47922468,187871.80912613042,-1002456.0
163,2020-11-18,2977,7,2377,18,2645714,679847,2835239,490322,513348356690,131988972450,550215716940,95121612200,194030.17736988957,194063.2577853225,194145.1127238923,193998.25461635416,-189525.0
164,2020-11-17,2858,11,2139,11,2362055,659941,2650177,371819,449346463900,125874557490,504054466190,71166555200,190235.39413773175,190196.52883184783,190736.07714932092,191401.07202698087,-288122.0
165,2020-11-16,2537,5,2488,17,2912110,943579,3363801,491888,540448755690,174863892880,623683480130,91629168440,185586.65561740455,185410.3379272436,185319.82259037133,186280.5525648115,-451691.0
166,2020-11-15,3888,6,2895,19,5181388,530026,4359933,1351481,969344299820,97896792940,813624717110,253616375650,187081.9749109698,186614.0413419197,184701.8692290567,187658.11406153694,821455.0
167,2020-11-14,868,25,1026,9,1507597,517019,1317121,707495,275700841970,94689205540,240791947610,129598099900,182874.36361972065,182816.87681693633,183144.53731874458,183178.82091039512,190476.0
168,2020-11-11,2480,27,1915,22,4267010,909228,2945971,2230267,744404672510,158634983750,513433810370,389605845890,174455.80687882146,174283.3892017267,174472.1717215044,174690.22582946348,1321039.0
169,2020-11-10,1981,7,1217,17,3651733,702714,2350217,2004230,609143101270,116791616620,392207577510,333727140380,166809.32074442462,166881.4315912105,166200.78242357488,166511.39858199906,1301516.0
170,2020-11-09,2111,8,1673,29,3604636,2361470,3588576,2377530,574643349570,375180189460,572129806570,377693732460,159417.85788356993,159430.8735749222,158875.69584199673,158859.71258406833,16060.0
171,2020-11-08,218,5,47,1,67262,595232,649494,13000,11080741880,98058519680,106997641560,2141620000,164740.0,164740.0,164740.0,164740.0,-582232.0
172,2020-11-07,371,3,33,0,149132,421505,570637,0,25860980120,73093182050,98954162170,0,173410.0,173410.0,173410.0,,-421505.0
173,2020-11-04,885,3,1428,53,2392683,16000,1604803,803880,436731131850,2920640000,292913038050,146738733800,182527.78652667318,182522.7383361073,182540.0,182538.1074289695,787880.0
174,2020-11-02,1866,49,2021,59,3416470,938082,2644556,1709996,593721666020,163311884580,460241850940,296791699660,173782.19800554373,174033.69448028327,174091.26769301618,173562.8034568502,771914.0
175,2020-11-01,1636,8,1303,57,2358457,554108,2460095,452470,394803467610,91834064440,410648718620,75988813430,167399.05268995787,166923.9271735441,165733.15028839142,167942.21369372556,-101638.0
176,2020-10-31,1040,60,761,57,1645345,927185,1476125,1096405,272504487350,153403752790,243509519680,182398720460,165621.48810735744,164965.378731476,165451.07264461785,166360.71566619998,169220.0
177,2020-10-28,1855,9,1270,61,3094343,1171942,2315240,1951045,491954911480,184990980000,366179044170,310766847310,158985.2551834105,158160.2961982343,157849.94479248972,159282.25505306132,779103.0
178,2020-10-27,1324,11,968,52,1553737,857172,1668939,741970,237321318730,130918453550,256433821900,111805950380,152742.27152343027,153650.80563160186,152733.0028862352,150687.9663328706,-115202.0
179,2020-10-26,1588,10,1227,57,2260959,1416460,1806619,1870800,356453834940,223493316820,287781042830,292166108930,157656.03663755071,159292.60282882003,157783.00609971338,156171.74948150525,454340.0
180,2020-10-24,1498,6,1219,51,1872852,1635924,2628821,879955,307599780210,266187466300,431093992600,142693253910,164241.37102664812,163987.57945101627,162713.8340778667,162159.71715599092,-755969.0
181,2020-10-21,1836,1,631,57,5618325,1422,1689987,3929760,931036549730,235653840,280034523830,651237679740,165714.2564251801,165702.17630668165,165720.0,165719.45353914742,3928338.0
182,2020-10-20,948,4,1188,6,3448004,357181,2975077,830108,546465512050,54105688430,463393677570,137177522910,158487.49364849925,155758.54929805177,151479.74956674626,165252.6212372366,472927.0
183,2020-10-19,681,2,406,5,309235,347192,636832,19595,49126759450,55191075410,101206518100,3111316760,158865.4565298236,158921.8476772524,158964.13341897278,158781.15641745343,-327597.0
184,2020-10-18,697,3,872,2,497314,490649,934014,53949,83240189270,81773736570,156098144220,8915781620,167379.5414365974,167126.128965947,166664.43133482386,165263.14889988693,-436700.0
185,2020-10-14,655,9,934,9,497717,997734,1056957,438494,85724625950,172605706650,182806869990,75523462610,172235.68001494824,172955.8250619467,172997.719482347,172233.74233170808,-559240.0
186,2020-10-13,605,5,643,4,437671,491437,643464,285644,75173309000,84736613640,110534687120,49375235520,171757.57361122852,171780.68566384443,172426.19835299338,172855.84685832716,-205793.0
187,2020-10-12,908,5,894,9,1065463,327611,1000440,392634,182195402580,56772787100,171461906320,67506283360,171001.1540335047,171386.49626164488,173293.28716068753,171931.83310665912,65023.0
188,2020-10-11,1161,26,959,9,964244,625223,1257245,332222,168603063230,108915014240,219561659090,57956418380,174855.18523319822,174637.13046383162,174201.86755765544,174450.8743550999,-293001.0
189,2020-10-10,908,18,919,2,544837,600096,894326,250607,92353176970,102233697110,151899443410,42687430670,169506.06689707196,169847.95634925071,170362.23722537726,170336.14651625854,-349489.0
190,2020-10-07,1130,4,774,35,704339,233088,770437,166990,120853649400,40046634130,132304767220,28595516310,171584.49184270643,171726.9124146426,171809.07695805875,171240.8905323672,-66098.0
191,2020-10-06,859,5,664,11,761460,294938,559394,497004,130158835180,50369078630,95807926640,84719987170,170933.25346045755,171270.92289155765,170778.5318609335,170461.37892250365,202066.0
192,2020-10-05,1113,6,922,6,784928,419869,1013356,191441,131655060180,70163471190,169752805090,32065726280,167728.8365047495,167515.46849281003,167108.0055684035,167496.65056074716,-228428.0
193,2020-10-03,1166,6,1176,8,1461333,1121059,1233488,1348904,265556910470,203708102590,223597224120,245667788940,181722.37982034212,181272.31405575085,181710.42076286796,182123.99766032276,227845.0
194,2020-09-30,1204,11,834,9,1284151,720058,1155321,848888,223132810560,124832037610,200751808710,147213039460,173759.01320016105,173762.7972745237,173363.86459146347,173418.68357191997,128830.0
195,2020-09-29,1221,6,1378,11,1815274,173825,1360549,628550,307532555160,29879102210,231734733100,105676924270,169413.84890655626,170324.43013812805,171891.85796059255,168128.11116060775,454725.0
196,2020-09-28,655,6,967,1,674472,1855040,2524512,5000,113183555630,311275712000,423620267630,839000000,167810.6068598845,167802.83382689406,167800.0,167800.0,-1850040.0
197,2020-09-27,595,4,394,0,528937,240449,769386,0,93512813500,42381307860,135894121360,0,176793.8591930608,176626.7144970145,176259.03147860878,,-240449.0
198,2020-09-26,1064,10,1356,5,886443,408959,1237037,58365,164210573050,75945251370,229361763230,10794061190,185246.62392280158,185412.2093599464,185703.82696064888,184940.65261715068,-350594.0
199,2020-09-23,1473,15,1645,16,1945783,818469,2087580,676672,361090754020,153710432490,389882646610,124918539900,185576.0657894534,186762.97272918883,187802.38773857043,184607.2246228601,-141797.0
200,2020-09-22,1696,19,1412,48,2734026,190146,1694044,1230128,492264483320,34431265950,305091255570,221604493700,180051.13459784215,180096.41754877678,181078.045028557,180147.5079829091,1039982.0
201,2020-09-21,879,10,1186,2,1145789,1226213,2171002,201000,201668765750,215467290360,381860556110,35275500000,176008.6418616342,175891.38845104704,175717.66924669695,175500.0,-1025213.0
202,2020-09-20,1036,5,1061,2,904189,551763,1371568,84384,167252019790,101707883920,253463625950,15496277760,184974.62343602942,184798.43941386792,184332.55568060925,183640.0,-467379.0
203,2020-09-19,2401,13,2872,55,2629772,890846,2356410,1164208,509085440360,171465578300,454032580910,226518437750,193585.39080954547,192679.78870824687,192474.99376996697,194568.70056725258,273362.0
204,2020-09-16,3299,29,3038,79,4157111,1249648,4081587,1325172,805188019310,240961902180,789103651420,257046270070,193689.32398244838,193332.5570225503,192823.82093197445,193972.0051963066,75524.0
205,2020-09-15,1708,21,1100,12,1994866,1053321,2142316,905871,378172123670,199681700530,405939084420,171914739780,189572.69494291846,189486.09095016794,189573.45436956067,189778.38983696353,-147450.0
206,2020-09-14,1721,27,1776,53,4560546,1485995,2434917,3611624,824419726730,269092952910,439250789440,654261890200,180772.15463455472,180396.61698530175,181086.04195168894,181154.48623666252,2125629.0
207,2020-09-13,2041,16,1646,52,2682565,851612,2825205,708972,463519456970,146987261850,488743575080,121763143740,172789.64609245255,172994.02170108008,172598.86174689882,171746.05448452124,-142640.0
208,2020-09-12,1596,8,873,11,3113126,525719,2202094,1436751,532518914110,89929222340,376677768590,245770367860,171056.01061762357,171054.35489584005,171059.48679808035,171059.82028897144,911032.0
209,2020-09-09,955,6,2099,7,2903018,553879,2191185,1265712,472374525250,90827258130,355255436400,207946346980,162718.4279429201,162129.36671253227,163983.93535411163,164291.99294942294,711833.0
210,2020-09-08,698,7,948,9,767518,2760182,1849192,1678508,119350181610,433027677520,291619604780,260758254350,155501.4756787463,157701.09581914695,156883.74082578614,155351.2133096774,-1081674.0
211,2020-09-07,1370,6,1910,8,2081872,3799518,4360254,1521136,334466113170,625988231670,714822464370,245631880470,160656.42516446736,163940.55584147162,164754.64300208606,161479.23687954264,-2278382.0
212,2020-09-06,2210,7,1788,11,3117700,615810,2285564,1447946,521284607700,102394079350,380395361120,243283325930,167201.65753600412,166433.91351981394,166275.44104512755,168019.61256151818,832136.0
213,2020-09-05,630,4,1121,8,1317890,541135,1152125,706900,211289686140,86748793180,184703518530,113334960790,160324.21988178074,160315.52004339808,160308.9675958864,160326.7234262272,165765.0
214,2020-09-02,986,19,1692,4,1892917,1258397,2674146,477168,286359179390,194835634520,410095366740,71099447170,151279.31092065843,153355.63830097535,154828.43214025462,149002.96576886968,-781229.0
215,2020-09-01,836,5,1349,5,1286222,534416,1236286,584352,199030440300,83132500930,191889408910,90273532320,154740.34832245135,155214.41552359244,155557.65719963473,154484.85214391325,49936.0
216,2020-08-31,2146,15,1598,8,5024188,1129681,3713439,2440430,798550177510,180078800630,589802108040,388826870100,158941.14183426258,158829.08216346087,159406.77114158776,159327.19647766993,1310749.0
217,2020-08-26,225,0,236,7,1076680,0,243417,833263,163483091200,0,36960437280,126522653920,151840.0,151840.0,,151840.0,833263.0
218,2020-08-25,223,0,561,4,653177,0,396996,256181,94456640980,0,57295025120,37161615860,144611.09466499893,144321.4166389586,,145060.0,256181.0
219,2020-08-24,1188,9,1420,7,1316192,4414833,3537628,2193397,182663025320,609144106390,489224159590,302582972120,138781.4432240889,138291.5783089686,137976.70407691525,137951.75799000362,-2221436.0
220,2020-08-23,859,8,256,2,578984,591885,658896,511973,84416325530,85604327550,95973998090,74046654990,145800.7916108217,145658.79606189748,144630.0,144630.0,-79912.0
221,2020-08-22,1319,10,1003,15,1314718,283315,1018723,579310,200421940250,42859121530,156210554740,87070507040,152444.813450489,153339.57782439387,151277.27628258299,150300.36947402946,295995.0
222,2020-08-19,2023,5,1106,7,1381547,547571,1796383,132735,213087501360,83762211620,276388628520,20461084460,154238.32946689473,153858.4079898329,152970.5035876626,154149.88104117225,-414836.0
223,2020-08-18,995,7,485,15,1648618,1082697,465462,2265853,263695556480,173177363150,74449732280,362423187350,159949.4585646887,159948.035027564,159949.97968037226,159950.0,1183156.0
224,2020-08-17,1510,20,1136,14,2705424,3157508,1239610,4623322,411043897900,482142056390,188136288300,705049665990,151933.26365848753,151770.54743024014,152697.01815165632,152498.4991289813,1465814.0
225,2020-08-16,1752,10,1580,9,994330,1225687,1577853,642164,144898191830,178161478620,230106301560,92953368890,145724.4494584293,145835.06927451416,145356.42347516128,144750.20226920227,-583523.0
226,2020-08-15,1410,9,1156,3,1076746,489756,1481276,85226,164156618330,74264021120,225504676790,12915962660,152456.2137495751,152236.7720735366,151634.7346842101,151549.55835073805,-404530.0
227,2020-08-12,1993,20,1173,12,1422139,944290,1390878,975551,227890903090,149305398010,223588099300,153608201800,160245.16808131975,160753.20718280107,158113.924758284,157457.88974641,31261.0
228,2020-08-11,1930,3,1337,3,1395188,307016,1316030,386174,230990781160,50724188710,218103997730,63610972140,165562.47699951546,165728.74306056852,165216.75974542042,164721.01213442645,79158.0
229,2020-08-10,1990,53,1775,11,1681648,1008736,1968164,722220,291937278160,174453461170,342054530870,124336208460,173601.89418950933,173793.71377080365,172942.63431661009,172158.35681648253,-286516.0
230,2020-08-09,2726,48,2092,10,1923885,597114,2030730,490269,342606840130,103924732450,360459062840,86072509740,178080.72734596924,177502.2099639046,174045.04407868514,175561.80329574173,-106845.0
231,2020-08-05,2066,5,2071,9,1646626,166394,1553851,259169,283978672520,28882013840,268439757370,44420928990,172460.94287348798,172757.72089473187,173576.05346346623,171397.53979063855,92775.0
232,2020-08-04,1800,42,2286,6,1292698,629044,1666521,255221,227239491470,110091007130,292523843030,44806655570,175786.9908284843,175529.64710915735,175013.2059601554,175560.22259140117,-373823.0
233,2020-08-03,1568,14,1204,7,724698,106263,766315,64646,130190452040,19094328150,137698090600,11586689590,179647.86992650732,179688.6275226245,179689.33824567348,179232.89283172973,-41617.0
234,2020-08-02,2151,11,1332,9,1389871,283411,1209690,463592,252465939520,51421626510,219758075330,84129490700,181647.03020640046,181664.7862923559,181438.35810889487,181473.12874251496,180181.0
235,2020-08-01,2066,4,1732,8,1678724,153582,1550955,281351,293097229370,26933154770,271117361620,48913022520,174595.2457759584,174806.7233543204,175366.61047518588,173850.5373003828,127769.0
236,2020-07-29,1829,33,2259,10,1708279,167897,1490128,386048,287177452210,28190208010,250506950540,64860709680,168109.22115766804,168111.0284082978,167901.79699458598,168012.0339439655,218151.0
237,2020-07-28,2097,26,1763,10,1452539,216103,1499649,168993,251841122520,38000003920,260488202490,29352923950,173379.9385214442,173699.44733067538,175842.09344618075,173693.1349227483,-47110.0
238,2020-07-27,2231,55,2489,12,1487082,1357185,2235733,608534,256250638140,234296227300,386133840730,104413024710,172317.75930311845,172710.17636274098,172633.9646400454,171581.25052996218,-748651.0
239,2020-07-26,2290,19,1448,8,1555961,312902,1512529,356334,281189601950,55786320190,273540391190,63435530950,180717.64134833714,180849.6836688751,178286.87637023733,178022.6724084707,43432.0
240,2020-07-25,2530,15,1609,11,1433113,198314,1385767,245660,265850629230,36816554700,257054849840,45612334090,185505.6992923796,185496.44337035014,185647.78432183305,185672.61292029635,47346.0
241,2020-07-22,2207,54,1998,6,1438035,1625803,2306117,757721,251846925660,289956025050,405542288390,136260662320,175132.68151331504,175855.0361451739,178346.34642081484,179829.5973319995,-868082.0
242,2020-07-21,3053,12,1711,9,2065489,808884,2054746,819627,376765467820,147331343450,374658724180,149438087090,182409.81569981732,182338.21804738883,182141.4979774603,182324.50503704735,10743.0
243,2020-07-20,4605,21,1623,11,3198583,1035529,2083059,2151053,608637894880,197788683170,396635213290,409791364760,190283.60210755825,190409.97556478236,191002.55344852727,190507.33048418612,1115524.0
244,2020-07-19,986,32,1205,11,567776,1574754,1034063,1108467,103932869490,289044077950,189371605530,203605341910,183052.59378698643,183133.5281602765,183548.71805374045,183681.91557349023,-466287.0
245,2020-07-18,4107,2,1710,6,2277802,10350,1917987,370165,398616112680,1785190000,335164491030,65236811650,175000.3348315613,174748.05148835733,172482.12560386473,176237.1149352316,359815.0
246,2020-07-15,3688,45,3287,16,3436679,353390,3282477,507592,581200042250,57923656950,551493277190,87630422010,169116.7671609714,168011.31498865035,163908.59093352951,172639.48606361015,154202.0
247,2020-07-14,4614,64,3695,27,3715166,3721905,4354793,3082278,618744024170,618217228990,723657881250,513303371910,166545.45831061117,166175.03547240936,166102.36666169608,166533.76882617336,-639627.0
248,2020-07-13,3738,59,2407,10,3130983,2743339,4043572,1830750,543941898810,476062804940,701997375860,318007327890,173728.7934204689,173608.2295208296,173534.0783402999,173703.30623514953,-912589.0
249,2020-07-12,5706,24,2368,19,3750727,841040,3382569,1209198,684143443610,152827784450,616736726140,220234501920,182402.88978909954,182327.90702569555,181712.86080329117,182132.70442061598,368158.0
250,2020-07-11,3820,9,1929,9,2466881,228168,2257418,437631,450328112080,42188820730,413081347160,79435585650,182549.58876411145,182988.4173688701,184902.44350653904,181512.7028249827,209463.0
251,2020-07-05,6036,33,2506,19,4168536,1001587,3493092,1677031,836896647840,207298072490,707043875720,337150844610,200765.12421627162,202412.03945387068,206969.6117162064,201040.31744791838,675444.0
252,2020-07-04,6771,10,1846,32,3835379,274812,3040094,1070097,762926589400,55116456500,607330931050,210712114850,198918.17455328404,199773.73431545208,200560.5886933613,196909.3594786267,795285.0
253,2020-07-01,2842,29,1124,10,2578440,1612506,1437235,2753711,513166427090,320929390170,286033016930,548062800330,199022.05484323855,199016.1782380752,199025.2378409755,199026.9858855922,1141205.0
254,2020-06-30,856,4,956,5,923801,262941,651160,535582,175115517950,49843095960,123433689990,101524923920,189559.7839253259,189559.69345475765,189560.0,189560.0,272641.0
255,2020-06-29,3316,35,1975,7,2526072,766253,2870825,421500,455115659890,139275447700,517016608690,77374498900,180167.33485427176,180093.39081622878,181761.69972580858,183569.39240806643,-344753.0
256,2020-06-28,3429,49,1695,44,3932070,2507688,3965076,2474682,710907780590,457598648330,717861684710,450644744210,180797.33590449815,181046.13498202807,182478.30205751274,182102.08188769306,-33006.0
257,2020-06-27,890,44,528,10,990356,1778348,310351,2458353,172529918760,309806005080,54066247710,428269676130,174210.0,174210.0,174210.0,174210.0,680005.0
258,2020-06-24,471,1,491,4,824292,276000,425092,675200,136766528640,45793920000,70531264640,112029184000,165920.0,165920.0,165920.0,165920.0,399200.0
259,2020-06-21,1023,49,773,4,1091101,368973,1211474,248600,172223829680,58500532780,191749015390,38975347070,157844.07646954773,158277.44994114607,158549.6304065609,156779.35265486725,-120373.0
260,2020-06-20,2848,72,1968,17,2102118,1544880,3046956,600042,324387562730,239610582490,471285343570,92712801650,154314.63063919343,154674.1546546783,155099.80224353995,154510.52034690906,-944838.0
261,2020-06-16,3660,32,1927,6,2523886,427510,2619256,332140,379625469840,64441860920,394145256210,49922074550,150413.08119304912,150479.8523741093,150737.66910715538,150304.3130908653,-95370.0
262,2020-06-15,5673,17,1903,19,4718385,1056856,4219354,1555887,712120579290,158617694910,636702450280,234035823920,150924.64461674917,150900.4578141583,150084.49108487816,150419.5509828156,499031.0
263,2020-06-14,6581,22,1319,75,10587856,969114,3138621,8418349,1579960790450,144647312090,468005554320,1256602548220,149223.86462849512,149111.84062045082,149257.27219914272,149269.4764994894,7449235.0
264,2020-06-13,52,1,425,8,657371,14000,276176,395195,93846283960,1998640000,39426885760,56418038200,142760.0,142760.0,142760.0,142760.0,381195.0
265,2020-06-10,405,9,1163,8,605023,1775440,2002307,378156,81179677050,242478247612,271941060126,51716864536,134176.18346740538,135813.86876537913,136573.6085770288,136760.66103935943,-1397284.0
266,2020-06-09,2199,7,1230,14,2086164,1174943,3028469,232638,271953729490,153112070023,394778371119,30287428394,130360.666510399,130355.75768449338,130314.46633836706,130191.2344242987,-942305.0
267,2020-06-08,2261,16,1626,17,4443086,3272187,4832706,2882567,587596483281,436278861739,640234565112,383640779908,132249.6308378906,132479.518744157,133329.44044426555,133089.97844906987,-389620.0
268,2020-06-07,13,2,411,8,665592,200000,344365,521227,84610055040,25424000000,43775678800,66258376240,127120.0,127120.0,127120.0,127120.0,321227.0
269,2020-06-06,9,3,577,4,318912,250000,301079,267833,39232554240,30755000000,37038738580,32948815660,123020.0,123020.0,123020.0,123020.0,17833.0
270,2020-06-02,44,1,658,2,723585,100000,698285,125300,85325866785,11792100000,82342465485,14775501300,117921.0,117921.0,117921.0,117921.0,25300.0
271,2020-06-01,289,11,947,9,1066862,1221371,984284,1303949,119785159027,137197850579,110431452256,146551557350,112278.02567436088,112194.70422764162,112331.02028703809,112390.55925500154,82578.0
272,2020-05-31,1105,57,2489,17,1761875,5102138,5100318,1763695,189863489354,545247169225,544928951651,190181706928,107762.17912962043,106842.15212678896,106866.40957673038,107831.40334808457,-3338443.0
273,2020-05-30,1993,22,1057,5,2105426,1729543,2695668,1139301,224353811225,184614384453,286863986226,122104209452,106559.81792995812,106416.6604440903,106741.71411349703,107174.6706550771,-590242.0
274,2020-05-27,1360,12,1838,6,1867312,1036863,2456543,447632,197040560293,107939927559,259109348470,45871139382,105520.9629097869,105477.22896362896,104102.4007597918,102475.11210547951,-589231.0
275,2020-05-26,598,5,972,3,1062878,831905,1813398,81385,113520370647,89058158954,193884028176,8694501425,106804.70444114941,106917.52619998479,107053.28006683456,106831.74325735701,-750520.0
276,2020-05-23,846,5,751,4,891712,472408,1317484,46636,99589017406,52710537100,147077952174,5221602332,111682.93956568938,111635.47502208756,111578.41759665374,111965.05557938073,-425772.0
277,2020-05-20,2404,13,2928,16,4657551,2941070,5171225,2427396,543968948623,346556137745,605580179431,284944906937,116792.9129757248,117105.7494947522,117833.3524006569,117387.07114002001,-513674.0
278,2020-05-19,40,3,1019,5,299401,950000,994537,254864,33835007609,107358550000,112391631833,28801925776,113009.0,113009.0,113009.0,113009.0,-695136.0
279,2020-05-18,791,4,1116,7,2229262,181923,1920035,491150,239970987349,19540408636,206628795385,52882600600,107645.93275667014,107617.20249110043,107410.32544538073,107670.97750178153,309227.0
280,2020-05-17,1301,11,2921,13,3017199,2252235,4609267,660167,306196688277,234151649990,473008099705,67340238562,101483.75638365252,102621.1108414852,103964.12896078784,102004.85416871791,-1592068.0
281,2020-05-16,984,5,937,4,1154978,1102277,1935304,321951,117301324336,113086817955,198005000661,32383141630,101561.52267489077,102312.09187858859,102593.82891505492,100584.06909747135,-780326.0
282,2020-05-13,1430,14,3135,12,3605115,5015078,7410766,1209427,375352469256,537325918614,782548052023,130130335847,104116.64239726056,105596.1086914632,107142.08604811331,107596.68491525325,-3805651.0
283,2020-05-12,1013,8,625,6,1141559,1265217,1907468,499308,117698192871,130079491204,196374277803,51403406272,103103.03091736826,102950.23444849403,102812.00079037825,102949.2943674045,-765909.0
284,2020-05-11,3711,7,2648,10,4993449,1551119,5628067,916501,537953787476,170316677045,610595443771,97675020750,107731.90784085309,108491.14691971506,109802.45683600033,106573.82888834819,-634618.0
285,2020-05-10,1506,11,1407,9,3571986,1593477,3714126,1451337,381517453670,170505904672,396705626613,155317731729,106808.21640118411,106809.95383920739,107002.42593523471,107017.0,-142140.0
286,2020-05-09,1681,8,780,8,4110077,730929,812938,4028068,418903157917,74497014609,82855453898,410544718628,101921.0,101921.0,101921.0,101921.0,3297139.0
287,2020-05-06,1826,36,2951,10,3417495,3195114,5683937,928672,332550156560,309322451429,551160303197,90712304792,97308.16184368961,96968.05281216171,96811.08449620265,97679.59493987112,-2266442.0
288,2020-05-05,3322,14,2159,8,4491647,3583975,7022432,1053190,427182736792,338321846839,666264857744,99239725887,95106.03500052431,94876.65494575098,94398.49520127791,94227.75177033583,-2530785.0
289,2020-05-04,5099,34,3166,10,7426082,3087671,9155801,1357952,736867441137,305185196541,907673245560,134379392118,99226.9464755439,99136.41040909474,98839.93357485301,98957.39475180271,-1729719.0
290,2020-05-03,3547,31,1035,13,5274797,3482168,2958410,5798555,541710194775,357618242600,303816838875,595511598500,102697.82794958744,102695.98834340068,102699.881970083,102700.0,2316387.0
291,2020-05-02,2621,30,678,5,5050844,1188999,1000554,5239289,494023051640,116295992190,97864186740,512454857090,97810.0,97810.0,97810.0,97810.0,4050290.0
292,2020-04-29,1967,14,762,5,4017874,2203610,845951,5375533,374277016722,205272882330,78802873503,500747025549,93153.0,93153.0,93153.0,93153.0,3171923.0
293,2020-04-28,2266,86,1031,11,4723782,8594055,3452637,9865200,418815415524,762710815131,305693774655,875832456000,88661.0380250401,88539.21644673332,88748.6541720992,88780.0,1271145.0
294,2020-04-27,4042,19,1359,12,11249132,4569690,5030062,10788760,950964553754,386562806409,425093684802,912433675361,84536.70503235272,84510.62527698466,84592.78559574063,84572.61773929534,6219070.0
295,2020-04-26,1285,85,1912,13,3071243,5465655,7167417,1369481,245538117608,442351941784,577188764753,110701294639,79947.47325691911,80529.5359197044,80933.01567405919,80834.48739997123,-4096174.0
296,2020-04-25,682,9,1473,13,3089472,3468011,2109581,4447902,238103547628,267605111622,161971093710,343737565540,77069.33340972179,76778.79811678243,77163.85894450739,77280.83162353847,979891.0
297,2020-04-22,2300,18,2089,2,4028479,659634,4677611,10502,296378662749,48715301733,344312405478,781559004,73570.85955989841,73608.60180079105,73852.01753244981,74420.01561607313,-649132.0
298,2020-04-21,1679,7,2174,5,3335192,619577,3895011,59758,251389012106,46624121874,293524325526,4488808454,75374.67471317993,75359.04918522695,75251.53753932119,75116.44389035778,-559819.0
299,2020-04-20,2552,10,2082,10,4689734,597020,3714675,1572079,351833645951,44896617065,279405560655,117324702361,75022.08994177495,75216.69073472107,75201.19437372283,74630.2840766908,975059.0
300,2020-04-15,1020,14,3308,8,2344465,1342002,3210983,475484,160839292106,92810587878,221046376315,32603503669,68603.83588835833,68840.71834544126,69158.3081679461,68569.08680207956,-866518.0
301,2020-04-14,1140,10,4031,3,1972751,832304,2592518,212537,132590604269,55877588901,174254444478,14213748692,67211.01865820876,67214.36243759928,67136.03310929661,66876.58474524436,-619767.0
302,2020-04-13,1514,5,1415,5,1873548,1092798,2500768,465578,131929109446,76282177417,175752882983,32458403880,70416.72241437102,70279.56331135075,69804.46287145474,69716.36091052412,-627220.0
303,2020-04-12,1231,8,1084,8,2190266,1099872,1955222,1334916,153237755428,77199165961,136696394498,93740526891,69963.08002224387,69913.49038523503,70189.22743828372,70222.04160486502,235044.0
304,2020-04-11,1998,4,1629,7,3408566,931998,2801210,1539354,227502787883,62811796440,186415882758,103898701565,66744.42797440331,66548.34259409326,67394.77599737339,67495.00216649321,607356.0
305,2020-04-08,1594,6,2075,6,2284296,719986,2283570,720712,147044982542,46527379095,147154343579,46418018058,64372.12276430025,64440.478539742595,64622.61640504121,64405.779365405324,726.0
306,2020-04-07,1202,2,2102,6,1850915,970697,2108194,713418,118394925368,62142188365,134854784393,45682329340,63965.61990583036,63966.97096804184,64018.11107379543,64033.048423224536,-257279.0
307,2020-04-06,1288,7,1809,1,1422366,940906,2178272,185000,89350955893,59230489200,136907332974,11674112119,62818.54030045713,62851.34867179122,62950.48517067592,63103.30875135135,-755906.0
308,2020-04-05,3953,10,1035,8,5041005,296227,1648145,3689087,326314584815,19249792254,106800314192,238764062877,64732.04942566016,64800.31440922977,64983.246814098646,64721.72189948353,3392860.0
309,2020-04-04,1013,4,677,4,2851953,1300539,934926,3217566,180876037118,82523946097,59284290251,204115692964,63421.815548152445,63410.67662146523,63453.649676787856,63437.919521775155,1917027.0
310,2020-03-30,1990,4,1128,15,3062551,1522705,2565637,2019619,184261454263,92840589627,154842357567,122259686323,60166.00352549231,60352.40276274469,60970.831268696165,60536.01512116889,496914.0
311,2020-03-29,3074,1,1369,6,3603960,10000,2552121,1061839,218891164336,602275163,155501469884,63991969615,60736.291284032006,60930.28891811948,60227.5163,60265.22817018399,1051839.0
312,2020-03-28,4497,6,1446,8,5914080,83017,3608836,2388261,355260957388,4970695744,216750465260,143481187872,60070.36722330438,60061.046071364835,59875.636845465386,60077.6832481877,2305244.0
313,2020-03-25,2244,5,823,6,3139077,341487,1466725,2013839,191472457635,20852849747,89592121826,122733185556,60996.41953191973,61083.108166834274,61064.84213747522,60944.884648673506,1672352.0
314,2020-03-24,2597,6,904,12,2577791,588580,2265626,900745,154796206301,35369023075,136205641321,53959588055,60049.94442955228,60118.32549635288,60092.12524210812,59905.50938944984,312165.0
315,2020-03-18,1983,5,515,7,1789104,554586,1137863,1205827,112561087013,35039594312,71563629286,76037052039,62914.78137268711,62893.010218277595,63181.53417504228,63058.010841522046,651241.0
316,2020-03-17,1992,6,742,7,2064260,618971,2374153,309078,125057497829,37263814025,143786934686,18534377168,60582.24149525738,60563.46608074543,60202.843146124775,59966.66591604708,-309893.0
317,2020-03-16,2309,4,488,16,4256105,901000,1728577,3428528,261484421148,55356539000,106195628356,210645331792,61437.493000760085,61435.28946410834,61439.0,61439.0,2527528.0
318,2020-03-15,2664,9,1708,13,4130051,2240637,4160944,2209744,242079408689,130694957105,245007299601,127767066193,58614.14512532654,58882.62365487255,58329.37557712383,57819.849807489016,-30893.0
319,2020-03-14,1105,3,131,14,942682,625018,759166,808534,57082223146,37846714954,45969778798,48959159302,60553.0,60553.0,60553.0,60553.0,183516.0
320,2020-03-11,2373,9,1326,23,3565518,2072141,3663941,1973718,227523144879,131819825847,233779473466,125563497260,63812.08701765073,63805.46888336903,63615.27803706408,63617.74947586231,-98423.0
321,2020-03-10,804,4,46,11,538026,1255000,1202826,590200,35724926400,83332000000,79867646400,39189280000,66400.0,66400.0,66400.0,66400.0,-664800.0
322,2020-03-09,985,3,7,0,440541,300000,740541,0,30183226074,20554200000,50737426074,0,68514.0,68514.0,68514.0,,-300000.0
323,2020-03-07,1490,7,1630,4,2082466,1580419,3041787,621098,150307038963,113856521050,219338273168,44825286845,72177.42760890214,72108.3603710582,72041.98446741022,72171.03717126766,-959321.0
324,2020-03-04,1098,2,1266,5,1381716,50517,1192111,240122,104579597262,3829706589,90224551633,18184752218,75688.20022493768,75684.69012784884,75810.2537561613,75731.30416205096,189605.0
325,2020-03-03,947,16,1028,7,1752000,825833,944459,1633374,133774142434,62807581626,72243413949,124338310111,76355.10412899543,76491.84765987724,76053.61087047866,76123.60066402428,807541.0
326,2020-03-02,844,4,799,4,1519057,1164000,1672977,1010080,112712518916,87104920045,124865263189,74952175772,74199.00564363286,74636.56893609416,74832.40553694159,74204.1974615872,-153920.0
327,2020-03-01,975,3,766,4,1105125,256500,1033108,328517,79636570975,18529726918,74425128929,23741168964,72061.14328695848,72040.02769216771,72240.65075243665,72267.70293165954,72017.0
328,2020-02-29,2060,8,1316,4,2226728,1520422,3376163,370987,157129702136,107233086415,238183524318,26179264233,70565.2877836898,70548.58557421547,70528.50222832871,70566.52721793485,-1149435.0
329,2020-02-26,1733,12,926,1,2239077,1132938,3354544,17471,166226028508,84106803594,249034598610,1298233492,74238.63873730112,74237.98841511692,74237.78140904444,74307.90979337187,-1115467.0
330,2020-02-25,1764,8,939,5,2132926,835410,2475794,492542,162471833299,63711290720,188676260430,37506863589,76173.21618237108,76208.38423148291,76263.50022144815,76149.5742271725,-342868.0
331,2020-02-24,1155,6,927,5,1245508,2455643,1861582,1839569,93846434309,187074979182,139707435139,141213978352,75347.91772433417,75047.69338068375,76181.66776766819,76764.70866382288,-616074.0
332,2020-02-23,1620,8,894,10,2385029,1476126,1607682,2253473,176922068024,109950658249,118941387365,167931338908,74180.25861488476,73983.1554778868,74485.95732952336,74521.1231321609,777347.0
333,2020-02-22,1216,8,1073,9,1568007,1367872,2131820,804059,110614534332,98196589575,150929885316,57881238591,70544.66869854536,70798.60650336332,71787.84972205001,71986.30771000635,-563813.0
334,2020-02-19,966,11,1380,10,1380506,1148745,2106129,423122,96187301118,80291047183,146871794471,29606553830,69675.39519422589,69735.42193806742,69894.57815529121,69971.67207093936,-725623.0
335,2020-02-18,1028,9,1729,6,2518691,1738855,2891088,1366458,173970813851,119875325111,199021674402,94824464560,69071.91626563163,68839.71515291129,68939.23018940624,69394.34988854396,-372397.0
336,2020-02-17,1773,9,1631,10,3949170,2557066,5555882,950354,274084111286,177438075920,385358963199,66163224007,69402.96601209874,69360.53775062178,69391.2773154858,69619.5565094691,-1606712.0
337,2020-02-16,1411,10,916,12,7782522,3108771,3163780,7727513,518403949115,207080154131,210731379777,514752723469,66611.30532171961,66607.46947543761,66611.58191806344,66612.98705922591,4618742.0
338,2020-02-15,833,9,990,17,7529632,1737660,2879961,6387331,477683156556,110242363380,182701423938,405224095998,63440.43859726478,63438.85349072435,63443.0,63441.850124566896,4649671.0
339,2020-02-12,192,2,1319,8,1591995,927020,2185290,333725,96224973136,55978063514,131996237500,20206799150,60443.01215518893,60402.16058280594,60384.95772906733,60549.2520788074,-593295.0
340,2020-02-10,614,5,1546,9,1629084,1210899,1599108,1240875,94542667593,70270365177,92824348263,71988684507,58034.24967220843,58047.5791897733,58031.565949761294,58014.45311332729,29976.0
341,2020-02-09,818,7,1026,5,1188967,1128944,2043420,274491,68802189676,65349231132,118259788896,15891631912,57867.19873301782,57873.46159673489,57885.272548505505,57894.91062366343,-854453.0
342,2020-02-08,705,4,1066,2,1549498,732782,1859193,423087,90876959735,42868375731,109009752471,24735582995,58649.29140599084,58632.83288555841,58500.8580055187,58464.530923899816,-309695.0
343,2020-02-05,589,2,1357,2,1262614,290673,1312226,241061,72697916605,16779511753,75636983123,13840445235,57577.309141986385,57640.21069769994,57726.42024887072,57414.700988546465,-49612.0
344,2020-02-04,966,6,789,2,1728348,395280,1983628,140000,98627195117,22629120180,113272126988,7984188309,57064.43095777008,57103.51285019167,57248.33075288403,57029.91649285714,-255280.0
345,2020-02-03,824,5,1017,7,1266251,358500,1351217,273534,73358113122,20741374954,78399456027,15700032049,57933.31110656576,58021.36594418217,57855.99708228731,57397.00384230114,-84966.0
346,2020-02-02,1078,5,916,6,1367057,179055,1322010,224102,76563555403,9973456636,73958731944,12578280095,56006.11781586283,55944.15469171943,55700.52015302561,56127.47809033387,45047.0
347,2020-02-01,1559,11,1034,3,2166869,386083,2450020,102932,121896642952,21624626278,137725654412,5795614818,56254.73572790972,56214.09393066179,56010.304204018306,56305.2774453037,-283151.0
348,2020-01-28,957,5,998,6,1831640,774861,942877,1663624,105879315456,44804728627,54654942569,96029101514,57805.74537354502,57966.142528664925,57822.92388828448,57722.83972460123,888763.0
349,2020-01-27,1048,9,979,5,2167114,347445,2407463,107096,124588738536,20055236572,138421457372,6222517736,57490.625106016574,57496.81609727751,57722.04686209328,58102.24224994398,-240349.0
350,2020-01-26,1581,8,978,5,3179778,791398,1679609,2291567,185132566393,45711541920,98236077585,132608030728,58221.85271833443,58487.46796724714,57760.49714555761,57867.83922442591,1500169.0
351,2020-01-25,1796,13,1395,2,2776790,850321,2705108,922003,158570470248,48490302023,154476327299,52584444972,57105.676067689674,57105.419561437106,57025.878489417526,57032.83500379066,71682.0
352,2020-01-22,1194,9,1048,8,1596656,2314003,1758994,2151665,92821750143,135026803331,102268785974,125579767500,58135.096190412965,58140.49733768279,58352.043333997404,58363.99602168553,-162338.0
353,2020-01-21,847,7,1087,11,1219735,8606310,3554890,6271155,71927451261,508468888160,209614640523,370781698898,58969.736263204715,58965.15518708033,59080.94039838212,59124.94570744943,-2335155.0
354,2020-01-20,1067,11,1118,13,1146693,7470167,2765489,5851371,68245163005,445417161300,164813203416,348849120889,59514.76376414611,59596.40534314184,59626.13169156727,59618.356260267894,-1618796.0
355,2020-01-19,1224,11,1151,6,2029803,2346462,2882772,1493493,121265813611,140355316446,172204984671,89416145386,59742.6516814686,59735.901649870335,59815.721049818836,59870.481740456766,-852969.0
356,2020-01-18,1666,8,1083,13,3783667,5610946,3049051,6345562,227094530770,336574453511,182828621594,380840362687,60019.692739873775,59962.46753301273,59985.33108516817,60016.805869519514,734616.0
357,2020-01-15,1226,20,1482,65,3456189,3403254,3834965,3024478,199469485977,198434027224,221107977692,176795535509,57713.70893692446,57655.800689706426,58307.1458151522,58454.892219087065,-378776.0
358,2020-01-14,2126,15,1990,20,9801786,3378231,5557032,7622985,548293081863,188689151373,310549531900,426432701336,55938.079229948504,55884.06399315318,55854.42539986164,55940.383109241324,4244754.0
359,2020-01-13,37,4,472,5,1592105,229000,362659,1458446,85067762255,12235699000,19377233029,77926228226,53431.0,53431.0,53431.0,53431.0,1229446.0
360,2020-01-12,11,2,244,3,376404,71073,115601,331876,19154070348,3616691751,5882588087,16888174012,50887.0,50887.0,50887.0,50887.0,260803.0
361,2020-01-11,3,0,114,1,220544,0,43611,176933,10688444416,0,2113563504,8574880912,48464.0,48464.0,,48464.0,176933.0
362,2020-01-08,634,7,2516,7,5674118,3713425,8148696,1238847,269749955267,176288570482,386818744600,59219781149,47540.42042604683,47470.017853163255,47473.308463749774,47802.33648626505,-2474578.0
363,2020-01-07,1133,13,1819,12,2290865,5932288,7355321,867832,110970970591,286932487236,355965970955,41937486872,48440.6416750878,48395.70848845346,48367.92941205821,48324.43015698891,-5064456.0
364,2020-01-05,1056,17,2070,12,2435479,9081359,9026478,2490360,122827264217,457064930247,454585283297,125306911167,50432.48749712069,50361.3129392217,50330.01451071365,50316.785993591286,-6590999.0
365,2020-01-04,1089,12,1536,5,1334560,13078000,10449440,3963120,64782921824,661756097174,525556774270,200982244728,48542.532238340726,50295.209529888685,50600.71090181985,50713.13629867377,-9114880.0
366,2020-01-01,947,9,1081,6,1484803,1180493,2416862,248434,75575579756,60440322042,123263652552,12752249246,50899.39861112888,51001.52700154167,51199.22103900658,51330.53143289566,-932059.0
367,2019-12-31,1303,10,1204,8,1960773,794810,2543573,212010,98820492442,39914164320,127988645976,10746010786,50398.741946161026,50318.44809486498,50218.497905159726,50686.33925758219,-582800.0
368,2019-12-30,888,14,2161,15,2627540,4919402,3818019,3728923,130201031613,245555807424,189482232082,186274606955,49552.44510568821,49628.415176037626,49915.7839558548,49953.996624494524,-1190479.0
369,2019-12-29,1078,14,1481,6,2400853,1040776,3169801,271828,114090947022,49826726284,151005730956,12911942350,47521.004835364765,47638.86785195664,47874.59192371846,47500.41331283017,-768948.0
370,2019-12-28,1055,4,1072,8,2101700,227062,1837046,491716,101170850937,10919420168,88457083273,23633187832,48137.62712899082,48151.806363585885,48090.03782226881,48062.678115009476,264654.0
371,2019-12-25,1112,6,1477,7,1875547,342822,2153555,64814,88531285548,16159537634,101578788578,3112034604,47202.914961875125,47167.95650819227,47136.81628950301,48014.85179127966,-278008.0
372,2019-12-24,910,7,1115,8,1626721,780607,1781222,626106,78307606920,37461300111,85664484572,30104422459,48138.314388269406,48093.0982056139,47989.96180024007,48081.990044816695,-154501.0
373,2019-12-23,1524,12,1716,12,2235066,1795478,3456467,574077,107808678488,85755676523,165861433428,27702921583,48235.12079195872,47985.82871701075,47762.03134931199,48256.45616006215,-1221401.0
374,2019-12-22,852,7,1151,6,1930277,659428,1796088,793617,92381929336,31169105660,85567119453,37983915543,47859.41568800747,47640.827984486285,47266.88229799159,47861.771538412104,134189.0
375,2019-12-17,1207,9,2523,11,3598516,1226545,4380799,444262,165932042553,56918669135,202312560792,20538150896,46111.24212119663,46181.65791034923,46405.691707193786,46229.816855819314,-782283.0
376,2019-12-16,1335,14,2685,7,2145461,2161228,4258537,48152,95154834887,96552293296,189536803067,2170325116,44351.69638926086,44507.49237754656,44674.73736968057,45072.37738827048,-2113076.0
377,2019-12-15,2022,17,2207,7,3355731,928116,3955847,328000,152687668046,42117586459,179691844255,15113410250,45500.56844425253,45424.366578131056,45379.65777876903,46077.470274390245,-600116.0
378,2019-12-14,1257,7,2748,9,3120215,1599493,4454210,265498,139968249329,72385910721,200326250841,12027909209,44858.52716207056,44974.58603007043,45255.53454813494,45303.20081130555,-1333995.0
379,2019-12-11,1502,9,1671,7,4033698,496904,3879426,651176,174191860323,21407516858,167474549335,28124827846,43184.16012378716,43169.9301223944,43081.79619805838,43190.82374964679,154272.0
380,2019-12-10,1475,15,2225,16,4819989,2953657,5016478,2757168,206650891039,127014525335,215342064925,118323351449,42873.72669087004,42926.94295180802,43002.462823205264,42914.81384123129,-196489.0
381,2019-12-09,930,6,1625,11,2320275,1161018,2639799,841494,95204970220,47779009390,108289801720,34694177890,41031.76141621144,41021.9875528402,41152.686168517626,41229.26353604423,-319524.0
382,2019-12-08,782,15,1949,8,2688343,1241043,3149665,779721,107189035852,49569953041,125518843244,31240145649,39871.78565086375,39851.48999782516,39942.17206091973,40065.80000923407,-461322.0
383,2019-12-07,916,14,2702,9,2346030,2291598,4499620,138008,91934680793,89540652610,176076413701,5398919702,39187.34235836712,39131.39636258173,39073.45555808654,39120.338690510696,-2153590.0
384,2019-12-04,900,9,1589,6,1879417,970303,2648519,201201,73741582426,38080181747,103917455096,7904309077,39236.41343352752,39236.06177490137,39245.660115448474,39285.63514594858,-769102.0
385,2019-12-03,1148,12,2346,12,4821987,1743346,5701544,863789,187013392094,67600020625,220983147953,33630264766,38783.470816905974,38758.4745383005,38776.020723941205,38933.42560046493,-879557.0
386,2019-12-02,1019,8,2524,13,4959791,2085307,4725009,2320089,187418828146,78623579904,178296501185,87745906865,37787.64632340355,37734.63737000289,37703.59947192428,37820.06072396361,234782.0
387,2019-12-01,1208,13,2543,6,2863011,1417126,4180136,100001,104978061033,52075310480,153363093147,3690278366,36667.01281727524,36688.541508458096,36747.12797591746,36902.41463585364,-1317125.0
388,2019-11-30,2024,11,4473,28,8479990,6871570,9795979,5555581,313831742314,254658149240,362541858536,205948033018,37008.5038206413,37009.252320365325,37059.674752640225,37070.476160459184,-1315989.0
389,2019-11-27,364,5,2324,8,2097361,2625184,3985815,736730,73796682416,93160700895,140797537831,26159845480,35185.49377813357,35324.65451381963,35487.30332616685,35508.04973328085,-1888454.0
390,2019-11-26,1121,6,909,0,1477323,205190,1682513,0,50032216519,6970813424,57003029943,0,33866.80943774652,33879.69658659398,33972.481232028855,,-205190.0
391,2019-11-25,697,10,945,4,1178179,580484,1536130,222533,40133240988,19767881183,52321720883,7579401288,34063.78910844617,34060.73762181586,34054.136174295934,34059.67334283005,-357951.0
392,2019-11-24,793,3,852,2,1390396,270000,1509863,150533,47306582332,9180705729,51359240620,5128047441,34023.81935218456,34015.828336743136,34002.613811111114,34065.93531650867,-119467.0
393,2019-11-23,483,6,891,3,640651,886757,1354875,172533,22007297306,30462732955,46542605161,5927425100,34351.46016473868,34351.955096226586,34352.9658688908,34355.31231706398,-714224.0
394,2019-11-20,485,3,802,4,872608,203028,865570,210066,30197535074,7015461706,29951194095,7261802685,34606.071768766735,34602.856031285744,34554.15856926138,34569.14819628117,7038.0
395,2019-11-19,397,7,774,4,500525,599119,1095892,3752,17399256742,20853125490,38121807932,130574300,34762.01336996154,34786.09929810602,34806.31642461681,34801.2526652452,-595367.0
396,2019-11-18,372,6,908,6,464713,1171089,1431857,203945,16080867337,40851221038,49822399751,7109688624,34603.868058349995,34795.65330266919,34883.10541555766,34860.81357228664,-967144.0
397,2019-11-17,601,8,721,0,1002542,353762,1356304,0,34020409035,12063251080,46083660115,0,33934.148429691726,33977.38273646616,34099.90637773418,,-353762.0
398,2019-11-16,509,6,1016,5,1054783,560591,1489426,125948,36959334736,19607150465,52158781923,4407703278,35039.75200207057,35019.384597153534,34975.85666733858,34996.2149299711,-434643.0
399,2019-11-13,431,9,1319,2,1006043,564492,1555135,15400,35514359095,19916344673,54886693768,544010000,35301.03494085243,35293.84507968761,35281.89004095718,35325.32467532468,-549092.0
400,2019-11-12,484,11,1444,8,1051700,2638205,1934916,1754989,37065407900,92882948765,68162038661,61786318004,35243.32785014738,35227.38902412301,35206.873144808684,35206.09986957183,-883216.0
401,2019-11-11,454,11,1176,7,883585,997770,1601706,279649,30439893787,34636577566,55409138840,9667332513,34450.44199143263,34593.826107912435,34713.98976317187,34569.52291265121,-718121.0
402,2019-11-10,554,14,948,1,842706,613524,1451730,4500,29040793302,21195619437,50082054288,154358451,34461.3581747371,34498.18787791118,34547.335453869775,34301.878,-609024.0
403,2019-11-09,789,7,1119,3,1136379,678030,1723344,91065,39685324605,23697560308,60204244580,3178640333,34922.6134986655,34934.54851730125,34950.607359556365,34905.181277109754,-586965.0
404,2019-11-05,733,7,1166,5,1596279,404791,1863531,137539,55345073301,14039191353,64597338704,4786925950,34671.303262775495,34663.94640282346,34682.567925176205,34804.135190745896,-267252.0
405,2019-11-04,848,9,1088,11,1441217,1569249,2508745,501721,48899668402,53444624571,85340427185,17003865788,33929.42797788258,34017.1787826184,34057.45332385109,33891.07848385856,-1067528.0
406,2019-11-03,1189,7,1066,10,2264431,374353,1987554,651230,77662266426,12873758345,68145955721,22390069050,34296.59213550777,34286.34176530549,34389.355354438194,34381.20026718671,276877.0
407,2019-11-02,1409,9,1484,16,3050200,684166,2523352,1211014,105431517499,23652264408,87439212606,41644569301,34565.444068913515,34652.00757008931,34570.94390542646,34388.18155776894,526848.0
408,2019-10-30,1385,18,1998,4,2730084,1078561,3671740,136905,96418971309,38068311114,129641925556,4845356867,35317.21782516582,35308.03530642148,35295.46415455408,35392.1103465907,-941656.0
409,2019-10-28,1163,11,1921,66,3153503,633946,3356787,430662,113027285514,22680361400,120214981962,15492664952,35841.81956192843,35812.51415773476,35776.48790275512,35974.070041006635,-203284.0
410,2019-10-26,1217,11,3554,5,4534372,1196414,5706218,24568,162346999545,42913120628,204386689420,873430753,35803.63489034424,35818.240631535635,35868.11975453313,35551.56109573429,-1171846.0
411,2019-10-23,2331,20,5121,80,11065333,3703811,10923035,3846109,395465404010,132614554010,390424512147,137655445873,35739.132659631665,35743.226323727795,35804.892314969635,35790.833248095674,142298.0
412,2019-10-22,661,3,2057,9,2501421,1501696,3099751,903366,85805534272,51407650896,106232206649,30980978519,34302.71604500002,34271.2065094906,34233.06108293556,34295.045993539716,-598330.0
413,2019-10-21,1014,7,1525,3,1559673,1170224,2700615,29282,51200356700,38518917728,88752971812,966302616,32827.622649106575,32863.985355928184,32915.850066312094,32999.88443412335,-1140942.0
414,2019-10-20,1232,6,1515,3,1857955,194171,2039594,12532,60314766256,6352761456,66249334440,418193272,32462.985516872046,32481.62842212715,32717.354579211107,33370.03447175231,-181639.0
415,2019-10-16,1221,1,1179,7,1547794,100000,1621601,26193,51095985495,3347096286,53570687094,872394687,33012.13565564927,33035.67714499436,33470.96286,33306.40579544153,-73807.0
416,2019-10-15,1443,6,1439,3,2437440,191482,2476166,152756,79489632816,6226090239,80771603280,4944119775,32611.93416699488,32619.623757050213,32515.276835420562,32366.12489853099,-38726.0
417,2019-10-14,1001,6,1009,4,1444036,438096,1801590,80542,48390954499,14664762281,60354704858,2701011922,33510.905890850365,33500.79921513774,33473.85568688141,33535.44637580393,-357554.0
418,2019-10-13,830,7,2749,7,1705862,1156919,2607487,255294,58552200133,39711573593,89472713371,8791060355,34324.11304841775,34313.77160116235,34325.284305124216,34435.04490900687,-901625.0
419,2019-10-12,1013,9,2766,7,2296672,181656,2272386,205942,78557251896,6278422321,77768835302,7066838915,34204.81979838653,34223.426522606635,34562.1522052671,34314.704698410234,24286.0
420,2019-10-09,1079,3,4035,4,1987057,26018,1988688,24387,66199636465,864101658,66253745146,809992977,33315.41896634067,33315.30393203961,33211.6864478438,33214.12953622832,-1631.0
421,2019-10-08,1357,5,2688,6,3279880,109771,3283575,106076,109192841227,3648773531,109339529326,3502085432,33291.718363781605,33298.92855378665,33239.86782483534,33014.87077189939,-3695.0
422,2019-10-07,1051,4,2543,3,2361576,160622,1964467,557731,80198805411,5431439863,66699164932,18931080342,33959.86638202624,33952.80497559898,33815.04316345208,33943.03049678071,397109.0
423,2019-10-06,1242,3,1880,7,2023441,146248,2114429,55260,68078022330,4932350436,71141651240,1868721526,33644.67870820053,33645.7981043582,33725.93427602429,33816.89334057184,-90988.0
424,2019-10-05,1606,7,2755,7,3179221,943750,4013824,109147,108265249776,32143068642,136689592189,3718726229,34054.01819376508,34054.70498681557,34058.8806802649,34070.805693239396,-834603.0
425,2019-10-02,1375,6,1812,1,2657062,292039,2849101,100000,91100311779,10003385247,97677954230,3425742796,34286.10690266166,34283.78082419682,34253.593687829365,34257.42796,-192039.0
426,2019-10-01,1388,9,2806,4,4041263,739829,4547028,234064,140839399176,25739997987,158385876805,8193520358,34850.34237464872,34832.835162880016,34791.82079507562,35005.470119283615,-505765.0
427,2019-09-30,1629,7,3058,7,3863683,676261,4136294,403650,134836457090,23664679219,144369328329,14131807980,34898.42647287575,34903.06257944914,34993.41115190733,35010.05321441843,-272611.0
428,2019-09-29,2408,10,2577,7,4091715,861654,4086707,866662,142074359639,29849916854,141838390978,30085885515,34722.447589580406,34707.2572068416,34642.579102516785,34714.670211685756,5008.0
429,2019-09-28,1948,11,3212,7,2842662,1220594,3910411,152845,101768727209,43677246142,139968393552,5477579799,35800.50220849331,35793.780641472214,35783.59892150871,35837.481101769765,-1067749.0
430,2019-09-25,1623,17,5003,15,2645510,895103,3343977,196636,95184674094,32239910281,120293548934,7131035441,35979.70678394714,35973.198659560156,36018.10102412795,36265.15714823329,-698467.0
431,2019-09-24,2674,22,6228,6,8720661,1733216,10292493,161384,317600332255,63015805216,374731088379,5885049092,36419.29576840563,36408.1946306886,36357.73337887488,36466.12484508997,-1571832.0
432,2019-09-23,1006,62,4970,9,4322480,3919604,5600651,2641433,151853385583,138064426063,196817097039,93100714607,35131.07882118598,35141.82494838547,35224.07520326033,35246.29040638169,-1278171.0
433,2019-09-22,1609,32,4763,9,3568592,2449086,5684637,333041,119667672731,82992277960,191417941602,11242009089,33533.582076908766,33672.85221589347,33887.04110839717,33755.63095534784,-2116045.0
434,2019-09-21,1232,9,2615,5,2094569,612324,2685230,21663,69650523327,20373729232,89304776678,719475881,33252.91424011336,33257.77556410438,33272.792234176675,33212.1996491714,-590661.0
435,2019-09-18,1565,7,2662,4,2150995,1680009,3646406,184598,71319643604,55651086083,120863580720,6107148967,33156.58269963435,33145.94719293463,33125.46902010644,33083.5056013608,-1495411.0
436,2019-09-17,1510,5,2824,6,2371088,841897,3120023,92962,80560711302,28581849768,105984589742,3157971328,33976.26376667589,33969.169375353966,33949.34269631558,33970.56139067576,-748935.0
437,2019-09-16,1931,10,5580,4,4420080,2094044,6502506,11618,150996843566,71053050165,221655292390,394601341,34161.56349342093,34087.672105185295,33931.020630416555,33964.653210535376,-2082426.0
438,2019-09-15,1744,12,5188,5,3713362,2885009,6478588,119783,124823075662,96979826150,217775701060,4027200752,33614.572363804014,33614.68595626084,33615.0861747745,33620.80388702905,-2765226.0
439,2019-09-14,2427,13,5953,4,5678791,1969762,7547488,101065,192052496133,66639357568,255259908496,3431945205,33819.25767879114,33820.51200293396,33831.17227766603,33957.801464404096,-1868697.0
440,2019-09-11,2091,9,4934,8,4210585,1396167,5583026,23726,142821747561,47316115955,189334700422,803163094,33919.69229002621,33912.55932213105,33890.011692727305,33851.60136559049,-1372441.0
441,2019-09-08,2088,12,4409,7,4725338,1167737,5067722,825353,160124321291,39580984906,171644090058,28061216139,33886.32120940343,33870.06825907183,33895.46182573645,33999.0478486175,-342384.0
442,2019-09-04,1417,14,7175,12,2646349,1278398,3921674,3073,87956479798,42476384921,130330755654,102109065,33236.916142957714,33233.44970897632,33226.260461139645,33227.811584770585,-1275325.0
443,2019-09-03,1480,5,5229,10,3145866,825440,3967884,3422,104457009035,27418854304,131762114010,113749329,33204.53224485722,33207.148699407546,33217.25904245009,33240.59877264757,-822018.0
444,2019-09-02,1591,10,6481,5,3495332,3019815,6393151,121996,115322473997,99641728451,210943799146,4020403302,32993.281896254775,32995.27872030553,32995.97109458692,32955.20592478442,-2897819.0
445,2019-09-01,1445,7,5151,4,3537040,785284,4320193,2131,116791589093,25918231382,142639477231,70343244,33019.58391564698,33016.92244559444,33004.91463215856,33009.499765368375,-783153.0
446,2019-08-31,2220,10,5743,6,4514461,1232387,5665164,81684,149065996409,40701345359,187078228039,2689113729,33019.66644722371,33022.561754434646,33026.431923575954,32920.935911561624,-1150703.0
447,2019-08-28,1965,11,4223,7,4277568,548364,4534518,291414,140902767426,18118116300,149401407432,9619476294,32939.92460809507,32947.582837249734,33040.309538919406,33009.65737404517,-256950.0
448,2019-08-27,1960,7,4613,9,4338701,1151200,5420971,68930,145436323934,38823282549,181938135124,2321471359,33520.70675854363,33561.90895026002,33724.18567494788,33678.67922530103,-1082270.0
449,2019-08-25,1861,5,4307,10,3383733,1077183,3868630,592286,112233801602,35617496462,128252503459,19598794605,33168.63405061806,33151.91772255294,33065.40899921369,33090.08587911921,-484897.0
450,2019-08-24,2822,17,7820,9,3889294,3622420,7457754,53960,128003763034,120178476439,246406483991,1775755482,32911.82487978538,33040.307308473835,33176.29552591914,32908.7376204596,-3568460.0
451,2019-08-21,2412,8,5025,13,3385500,1095694,4300198,180996,111364143752,36071706696,141483749950,5952100498,32894.445060404665,32901.68265507774,32921.33268595064,32885.25988419633,-914698.0
452,2019-08-19,3339,9,9999,16,3909727,860764,4685076,85415,127145134007,27999039452,152362109491,2782063968,32520.2076786947,32520.73381328286,32528.12553963688,32571.140525668794,-775349.0
453,2019-08-18,3045,11,6232,10,3788343,1933992,5300671,421664,123889918698,63328042386,173466324127,13751636957,32702.93072670558,32725.351965251193,32744.728202598562,32612.784010491767,-1512328.0
454,2019-08-17,3033,12,6308,11,3839562,1669335,5425206,83691,126630966124,55077478794,178950744667,2757700251,32980.57594173502,32985.05986076842,32993.66441966412,32950.97741692655,-1585644.0
455,2019-08-14,2205,10,6771,9,3089094,2745810,5830793,4111,102768599912,91611728561,194243525461,136803012,33268.20093917505,33313.397587772364,33364.19073461019,33277.30771101922,-2741699.0
456,2019-08-13,2973,15,6080,9,3330914,2164188,5489892,5210,110224861854,71651148465,181703393996,172616323,33091.476349734636,33097.808480749714,33107.635965544585,33131.73186180422,-2158978.0
457,2019-08-11,3361,5,5843,15,3686773,1077683,4509503,254953,122975369761,35999172933,150443902812,8530639882,33355.82900303328,33361.52627285091,33404.23198009062,33459.656807333115,-822730.0
458,2019-08-10,3513,10,15779,8,4780569,2626560,7403228,3901,157417097165,86461431831,243750028849,128500147,32928.52737090501,32924.8307426166,32918.12554481908,32940.30940784414,-2622659.0
459,2019-08-07,2672,11,8455,15,4633794,1237444,5803437,67801,154833242066,41394342150,193966002318,2261581898,33413.92432766756,33422.60841601279,33451.48721881556,33356.17318328638,-1169643.0
460,2019-08-06,3026,17,8812,10,5295275,2551608,7743549,103334,178094042107,85683950038,260277015016,3500977129,33632.63326399479,33612.109255846386,33580.373645951884,33880.20524706292,-2448274.0
461,2019-08-05,3951,20,9796,15,5545016,4031309,9570407,5918,188011421352,137105125384,324915692157,200854579,33906.3803155843,33950.0391317736,34010.07597879498,33939.60442717134,-4025391.0
462,2019-08-04,4840,23,10357,13,6657510,5422249,10558092,1521667,231003207212,188811478886,366882241950,52932444148,34698.1389756831,34748.91504544571,34821.61717139881,34785.82643114426,-3900582.0
463,2019-08-03,5350,9,9391,15,7779182,2748016,9942448,584750,274789177043,97125570515,351215173173,20699574385,35323.65961395427,35324.818713962595,35343.88828704054,35399.01562206071,-2163266.0
464,2019-07-31,3818,15,12797,24,9542734,3014186,10770351,1786569,329512350148,103805796907,371323812760,61994334295,34530.18287505447,34476.48203480091,34439.081366246144,34700.218292716374,-1227617.0
465,2019-07-30,3825,12,9201,13,5696463,2319135,7381865,633733,188525361226,76913281312,244376785200,21061857338,33095.16119493798,33105.01955806561,33164.64169270008,33234.59144150612,-1685402.0
466,2019-07-29,5145,17,16180,33,9530048,2569207,11903895,195360,308629980667,83455609179,385725981556,6359608290,32384.934542512274,32403.34206207296,32483.022652125735,32553.277487714986,-2373847.0
467,2019-07-28,9921,27,27673,22,16256720,4170877,20268595,159002,533148297238,136820812502,664654397746,5314711994,32795.56375689561,32792.32713199904,32803.84736879078,33425.441151683626,-4011875.0
468,2019-07-27,10160,16,34782,64,23101350,6667579,27088305,2680624,775591003538,223893179507,909418687059,90065495986,33573.406036357184,33572.373282824454,33579.38158767972,33598.70537083903,-3986955.0
469,2019-07-20,21364,40,59503,152,31229972,6084887,35953071,1361788,1176297451062,228954293788,1353803460386,51448284464,37665.6582036641,37654.73776596163,37626.71250723308,37779.951405064516,-4723099.0
470,2019-07-17,10525,46,46078,130,20453986,9069741,28355250,1168477,758029288779,336742209914,1051487882803,43283615890,37060.223311925605,37082.65251771718,37128.095489606596,37042.76240781804,-7901264.0
471,2019-07-16,18419,89,155430,749,50005648,34333443,83735837,603254,1808639993690,1241835942685,3028656187359,21819749016,36168.71425583766,36169.17553901085,36169.86338029076,36170.08592732083,-33730189.0
472,2019-07-15,16,3,2252,18,780438,174000,945250,9188,26887649976,5994648000,32565753000,316544976,34452.0,34452.0,34452.0,34452.0,-164812.0
473,2019-07-14,9,3,1128,9,219250,215114,429607,4757,7194031000,7058320568,14096264884,156086684,32812.0,32812.0,32812.0,32812.0,-210357.0
474,2019-07-13,580080,1611,0,3,299145933,12273267,0,311419200,9348310406250,383539593750,0,9731850000000,31250.0,,31250.0,31250.0,299145933.0
