tic,date,open,high,low,close,volume,value,count,yesterday,code,name_en,name,date_jalali,last
نوري-ت,20190713,8123.25,8123,8123,8123.25,311419200,9731850000000.00,581693,260,NORI,NORI Petrochemical-a,پتروشيمي_نوري-ت,13980422,8123.25
نوري-ت,20190714,8529.29,8529,8529,8529.29,434364,14252351568.00,1254,8123,NORI,NORI Petrochemical-a,پتروشيمي_نوري-ت,13980423,8529.29
نوري-ت,20190715,8955.59,8956,8956,8955.59,954438,32882297976.00,2491,8529,NORI,NORI Petrochemical-a,پتروشيمي_نوري-ت,13980424,8955.59
نوري-ت,20190716,9403.22,9403,8508,9401.92,84339091,3050475936375.00,174190,8956,NORI,NORI Petrochemical-a,پتروشيمي_نوري-ت,13980425,9403.22
نوري-ت,20190717,9439.87,9872,8932,9638.99,29523727,1094771498693.00,59994,9402,NORI,NORI Petrochemical-a,پتروشيمي_نوري-ت,13980426,9761.16
نوري-ت,20190720,9851.88,9878,9618,9789.24,37314859,1405251744850.00,95999,9639,NORI,NORI Petrochemical-a,پتروشيمي_نوري-ت,13980429,9840.18
نوري-ت,20190727,10568.69,10838,10280,10548.27,29768929,999484183045.00,52863,9789,NORI,NORI Petrochemical-a,پتروشيمي_نوري-ت,13980505,10584.40
نوري-ت,20190728,10571.52,10572,10117,10303.85,20427597,669969109740.00,46503,10548,NORI,NORI Petrochemical-a,پتروشيمي_نوري-ت,13980506,10336.21
نوري-ت,20190729,10138.28,10368,10054,10181.01,12099255,392085589846.00,26025,10304,NORI,NORI Petrochemical-a,پتروشيمي_نوري-ت,13980507,10305.10
نوري-ت,20190730,10216.82,10524,10217,10403.75,8015598,265438642538.00,16193,10181,NORI,NORI Petrochemical-a,پتروشيمي_نوري-ت,13980508,10465.33
نوري-ت,20190731,10465.02,10924,10465,10841.39,12556920,433318147055.00,20337,10404,NORI,NORI Petrochemical-a,پتروشيمي_نوري-ت,13980509,10923.70
نوري-ت,20190803,10995.96,11307,10924,11099.33,10527198,371914747558.00,18452,10841,NORI,NORI Petrochemical-a,پتروشيمي_نوري-ت,13980512,11062.57
نوري-ت,20190804,11100.58,11103,10745,10918.68,12079759,419814686098.00,19529,11099,NORI,NORI Petrochemical-a,پتروشيمي_نوري-ت,13980513,10867.15
نوري-ت,20190805,10838.88,10839,10605,10666.08,9576325,325116546736.00,16890,10919,NORI,NORI Petrochemical-a,پتروشيمي_نوري-ت,13980514,10735.20
نوري-ت,20190806,10582.83,10807,10470,10561.15,7846883,263777992145.00,15499,10666,NORI,NORI Petrochemical-a,پتروشيمي_نوري-ت,13980515,10650.38
نوري-ت,20190807,10525.65,10635,10466,10500.20,5871238,196227584216.00,14651,10561,NORI,NORI Petrochemical-a,پتروشيمي_نوري-ت,13980516,10484.18
نوري-ت,20190810,10460.93,10461,10320,10344.06,7407129,243878528996.00,23283,10500,NORI,NORI Petrochemical-a,پتروشيمي_نوري-ت,13980519,10405.32
نوري-ت,20190811,10336.21,10681,10302,10482.92,4764456,158974542694.00,10903,10344,NORI,NORI Petrochemical-a,پتروشيمي_نوري-ت,13980520,10556.13
نوري-ت,20190813,10483.87,10493,10368,10398.41,5495102,181876010319.00,11005,10483,NORI,NORI Petrochemical-a,پتروشيمي_نوري-ت,13980522,10405.01
نوري-ت,20190814,10385.22,10588,10385,10465.96,5834904,194380328473.00,10702,10398,NORI,NORI Petrochemical-a,پتروشيمي_نوري-ت,13980523,10502.72
نوري-ت,20190817,10462.50,10466,10328,10362.91,5508897,181708444918.00,11780,10466,NORI,NORI Petrochemical-a,پتروشيمي_نوري-ت,13980526,10355.37
نوري-ت,20190818,10324.27,10335,10211,10278.71,5722335,187217961084.00,11986,10363,NORI,NORI Petrochemical-a,پتروشيمي_نوري-ت,13980527,10263.95
نوري-ت,20190819,10219.96,10264,10198,10217.45,4770491,155144173459.00,16013,10279,NORI,NORI Petrochemical-a,پتروشيمي_نوري-ت,13980528,10246.04
نوري-ت,20190821,10223.10,10493,10223,10336.52,4481194,147435850448.00,8982,10217,NORI,NORI Petrochemical-a,پتروشيمي_نوري-ت,13980530,10380.19
نوري-ت,20190824,10368.57,10682,10313,10379.88,7511714,248182239473.00,12734,10337,NORI,NORI Petrochemical-a,پتروشيمي_نوري-ت,13980602,10681.79
نوري-ت,20190825,10524.39,10556,10331,10412.86,4460916,147851298064.00,7630,10380,NORI,NORI Petrochemical-a,پتروشيمي_نوري-ت,13980603,10430.46
نوري-ت,20190827,10424.17,10752,10368,10544.50,5489901,184259606483.00,8362,10413,NORI,NORI Petrochemical-a,پتروشيمي_نوري-ت,13980605,10370.76
نوري-ت,20190828,10336.21,10525,10253,10352.23,4825932,159020883726.00,7666,10545,NORI,NORI Petrochemical-a,پتروشيمي_نوري-ت,13980606,10359.45
نوري-ت,20190831,10369.19,10524,10320,10374.22,5746848,189767341768.00,9865,10352,NORI,NORI Petrochemical-a,پتروشيمي_نوري-ت,13980609,10348.46
نوري-ت,20190901,10348.77,10445,10339,10372.96,4322324,142709820475.00,7918,10374,NORI,NORI Petrochemical-a,پتروشيمي_نوري-ت,13980610,10377.05
نوري-ت,20190902,10367.94,10381,10349,10366.05,6515147,214964202448.00,9521,10373,NORI,NORI Petrochemical-a,پتروشيمي_نوري-ت,13980611,10373.91
نوري-ت,20190903,10351.91,10531,10352,10432.66,3971306,131875863339.00,8053,10366,NORI,NORI Petrochemical-a,پتروشيمي_نوري-ت,13980612,10443.65
نوري-ت,20190904,10491.09,10491,10430,10440.82,3924747,130432864719.00,10124,10433,NORI,NORI Petrochemical-a,پتروشيمي_نوري-ت,13980613,10482.30
نوري-ت,20190908,10587.54,10741,10588,10646.61,5893075,199705306197.00,8140,10441,NORI,NORI Petrochemical-a,پتروشيمي_نوري-ت,13980617,10650.38
نوري-ت,20190911,10622.73,10721,10623,10654.15,5606752,190137863516.00,8788,10647,NORI,NORI Petrochemical-a,پتروشيمي_نوري-ت,13980620,10652.58
نوري-ت,20190914,10675.51,10680,10572,10625.87,7648553,258691853701.00,10819,10654,NORI,NORI Petrochemical-a,پتروشيمي_نوري-ت,13980623,10581.89
نوري-ت,20190915,10571.83,10588,10512,10560.84,6598371,221802901812.00,8368,10626,NORI,NORI Petrochemical-a,پتروشيمي_نوري-ت,13980624,10559.27
نوري-ت,20190916,10649.43,10994,10588,10709.13,6514124,222049893731.00,9609,10561,NORI,NORI Petrochemical-a,پتروشيمي_نوري-ت,13980625,10702.53
نوري-ت,20190917,10713.21,10838,10594,10672.05,3212985,109142561070.00,5468,10709,NORI,NORI Petrochemical-a,پتروشيمي_نوري-ت,13980626,10601.68
نوري-ت,20190918,10432.34,10603,10368,10412.55,3831004,126970729687.00,5379,10672,NORI,NORI Petrochemical-a,پتروشيمي_نوري-ت,13980627,10487.01
نوري-ت,20190921,10399.04,10537,10396,10448.36,2706893,90024252559.00,4598,10413,NORI,NORI Petrochemical-a,پتروشيمي_نوري-ت,13980630,10454.02
نوري-ت,20190922,10430.46,10782,10368,10580.32,6017678,202659950691.00,8117,10448,NORI,NORI Petrochemical-a,پتروشيمي_نوري-ت,13980631,10751.22
نوري-ت,20190923,10807.15,11109,10745,11050.94,8242084,289917811646.00,7390,10580,NORI,NORI Petrochemical-a,پتروشيمي_نوري-ت,13980701,11109.06
نوري-ت,20190924,11404.39,11603,11118,11438.63,10453877,380616137471.00,11341,11051,NORI,NORI Petrochemical-a,پتروشيمي_نوري-ت,13980702,11372.97
نوري-ت,20190925,11451.51,11452,11184,11306.68,3540613,127424584375.00,7936,11439,NORI,NORI Petrochemical-a,پتروشيمي_نوري-ت,13980703,11366.37
نوري-ت,20190928,11372.97,11386,11154,11245.73,4063256,145445973351.00,6477,11307,NORI,NORI Petrochemical-a,پتروشيمي_نوري-ت,13980706,11266.46
نوري-ت,20190929,11153.05,11153,10863,10904.54,4953369,171924276493.00,6713,11246,NORI,NORI Petrochemical-a,پتروشيمي_نوري-ت,13980707,10929.99
نوري-ت,20190930,10917.42,11209,10855,10968.63,4539944,158501136309.00,6839,10905,NORI,NORI Petrochemical-a,پتروشيمي_نوري-ت,13980708,11058.80
نوري-ت,20191001,10996.91,11055,10829,10946.01,4781092,166579397163.00,5675,10969,NORI,NORI Petrochemical-a,پتروشيمي_نوري-ت,13980709,10838.88
نوري-ت,20191002,10835.11,10838,10745,10770.70,2949101,101103697026.00,4116,10946,NORI,NORI Petrochemical-a,پتروشيمي_نوري-ت,13980710,10769.76
نوري-ت,20191005,10769.45,10773,10650,10699.07,4122971,140408318418.00,6005,10771,NORI,NORI Petrochemical-a,پتروشيمي_نوري-ت,13980713,10665.77
نوري-ت,20191006,10650.38,10682,10479,10571.83,2169689,73010372766.00,4066,10699,NORI,NORI Petrochemical-a,پتروشيمي_نوري-ت,13980714,10666.08
نوري-ت,20191007,10649.75,10842,10569,10666.40,2522198,85630245274.00,4641,10572,NORI,NORI Petrochemical-a,پتروشيمي_نوري-ت,13980715,10634.98
نوري-ت,20191008,10571.83,10650,10289,10458.73,3389651,112841614758.00,5394,10666,NORI,NORI Petrochemical-a,پتروشيمي_نوري-ت,13980716,10399.04
نوري-ت,20191009,10257.98,10678,10258,10466.27,2013075,67063738123.00,6102,10459,NORI,NORI Petrochemical-a,پتروشيمي_نوري-ت,13980717,10662.94
نوري-ت,20191012,10662.94,10894,10624,10754.37,2478328,84835674217.00,4762,10466,NORI,NORI Petrochemical-a,پتروشيمي_نوري-ت,13980720,10810.29
نوري-ت,20191013,10901.71,10965,10683,10783.90,2862781,98263773726.00,4305,10754,NORI,NORI Petrochemical-a,پتروشيمي_نوري-ت,13980721,10706.93
نوري-ت,20191014,10716.35,10773,10472,10525.34,1882132,63055716780.00,2752,10784,NORI,NORI Petrochemical-a,پتروشيمي_نوري-ت,13980722,10531.62
نوري-ت,20191015,10531.62,10646,9999,10243.53,2628922,85715723055.00,4265,10525,NORI,NORI Petrochemical-a,پتروشيمي_نوري-ت,13980723,10320.81
نوري-ت,20191016,10320.81,10588,10242,10380.19,1647794,54443081781.00,3224,10244,NORI,NORI Petrochemical-a,پتروشيمي_نوري-ت,13980724,10351.91
نوري-ت,20191020,10351.91,10588,10113,10206.45,2052126,66667527712.00,3774,10380,NORI,NORI Petrochemical-a,پتروشيمي_نوري-ت,13980728,10139.85
نوري-ت,20191021,10094.29,10528,10094,10325.21,2729897,89719274428.00,3359,10206,NORI,NORI Petrochemical-a,پتروشيمي_نوري-ت,13980729,10434.86
نوري-ت,20191022,10499.57,10841,10500,10768.82,4003117,137213185168.00,3413,10325,NORI,NORI Petrochemical-a,پتروشيمي_نوري-ت,13980730,10841.39
نوري-ت,20191023,11306.99,11307,10996,11233.48,14769144,528079958020.00,10075,10769,NORI,NORI Petrochemical-a,پتروشيمي_نوري-ت,13980801,11215.88
نوري-ت,20191026,11167.50,11479,10933,11252.64,5730786,205260120173.00,6790,11233,NORI,NORI Petrochemical-a,پتروشيمي_نوري-ت,13980804,11394.96
نوري-ت,20191028,11310.13,11389,11185,11257.04,3787449,135707646914.00,4339,11253,NORI,NORI Petrochemical-a,پتروشيمي_نوري-ت,13980806,11215.57
نوري-ت,20191030,11153.68,11216,11003,11093.67,3808645,134487282423.00,4835,11257,NORI,NORI Petrochemical-a,پتروشيمي_نوري-ت,13980808,11058.80
نوري-ت,20191102,11052.51,11053,10760,10859.61,3734366,129083781907.00,4137,11094,NORI,NORI Petrochemical-a,پتروشيمي_نوري-ت,13980811,10800.86
نوري-ت,20191103,10870.30,10870,10650,10779.19,2638784,90536024771.00,3236,10860,NORI,NORI Petrochemical-a,پتروشيمي_نوري-ت,13980812,10671.43
نوري-ت,20191104,10622.10,10961,10553,10680.54,3010466,102344292973.00,2682,10779,NORI,NORI Petrochemical-a,پتروشيمي_نوري-ت,13980813,10804.32
نوري-ت,20191105,10716.98,10980,10717,10893.54,2001070,69384264654.00,2575,10681,NORI,NORI Petrochemical-a,پتروشيمي_نوري-ت,13980814,10920.56
نوري-ت,20191109,11132.94,11133,10892,10974.91,1814409,63382884913.00,2533,10894,NORI,NORI Petrochemical-a,پتروشيمي_نوري-ت,13980818,10901.40
نوري-ت,20191110,10901.71,10902,10745,10838.25,1456230,50236412739.00,2083,10975,NORI,NORI Petrochemical-a,پتروشيمي_نوري-ت,13980819,10870.92
نوري-ت,20191111,10760.02,11090,10730,10867.15,1881355,65076471353.00,2059,10838,NORI,NORI Petrochemical-a,پتروشيمي_نوري-ت,13980820,10902.97
نوري-ت,20191112,10995.96,11136,10902,11064.14,3689905,129948356665.00,2511,10867,NORI,NORI Petrochemical-a,پتروشيمي_نوري-ت,13980821,11066.02
نوري-ت,20191113,11086.76,11128,10933,11088.33,1570535,55430703768.00,2176,11064,NORI,NORI Petrochemical-a,پتروشيمي_نوري-ت,13980822,11061.94
نوري-ت,20191116,11121.63,11122,10955,11001.62,1615374,56566485201.00,1930,11088,NORI,NORI Petrochemical-a,پتروشيمي_نوري-ت,13980825,10990.94
نوري-ت,20191117,10902.66,10903,10534,10674.57,1356304,46083660115.00,2095,11002,NORI,NORI Petrochemical-a,پتروشيمي_نوري-ت,13980826,10683.36
نوري-ت,20191118,10618.96,11208,10619,10934.39,1635802,56932088375.00,1628,10675,NORI,NORI Petrochemical-a,پتروشيمي_نوري-ت,13980827,10892.60
نوري-ت,20191119,10992.51,10996,10839,10928.73,1099644,38252382232.00,1439,10934,NORI,NORI Petrochemical-a,پتروشيمي_نوري-ت,13980828,10938.16
نوري-ت,20191120,10949.15,10998,10776,10869.04,1075636,37212996780.00,1623,10929,NORI,NORI Petrochemical-a,پتروشيمي_نوري-ت,13980829,10901.71
نوري-ت,20191123,10842.33,10842,10730,10792.38,1527408,52470030261.00,1686,10869,NORI,NORI Petrochemical-a,پتروشيمي_نوري-ت,13980902,10776.36
نوري-ت,20191124,10731.12,10776,10661,10688.08,1660396,56487288061.00,2130,10792,NORI,NORI Petrochemical-a,پتروشيمي_نوري-ت,13980903,10697.50
نوري-ت,20191125,10900.77,10901,10683,10700.96,1758663,59901122171.00,2055,10688,NORI,NORI Petrochemical-a,پتروشيمي_نوري-ت,13980904,10716.98
نوري-ت,20191126,10807.15,10807,10617,10644.09,1682513,57003029943.00,2640,10701,NORI,NORI Petrochemical-a,پتروشيمي_نوري-ت,13980905,10636.87
نوري-ت,20191127,10776.67,11176,10776,11106.87,4722545,166957383311.00,3668,10644,NORI,NORI Petrochemical-a,پتروشيمي_نوري-ت,13980906,11176.30
نوري-ت,20191130,11313.28,11662,11310,11634.04,15351560,568489891554.00,8948,11107,NORI,NORI Petrochemical-a,پتروشيمي_نوري-ت,13980909,11662.00
نوري-ت,20191201,11624.30,11662,11312,11528.17,4280137,157053371513.00,4849,11634,NORI,NORI Petrochemical-a,پتروشيمي_نوري-ت,13980910,11655.72
نوري-ت,20191202,11624.62,12064,11625,11864.02,7045098,266042408050.00,4912,11528,NORI,NORI Petrochemical-a,پتروشيمي_نوري-ت,13980911,11938.47
نوري-ت,20191203,11938.47,12315,11894,12183.84,6565333,254613412719.00,4757,11864,NORI,NORI Petrochemical-a,پتروشيمي_نوري-ت,13980912,12306.05
نوري-ت,20191204,12315.48,12403,12253,12328.05,2849720,111821764173.00,3216,12184,NORI,NORI Petrochemical-a,پتروشيمي_نوري-ت,13980913,12331.19
نوري-ت,20191207,12390.88,12457,12174,12293.80,4637628,181475333403.00,4950,12328,NORI,NORI Petrochemical-a,پتروشيمي_نوري-ت,13980916,12372.03
نوري-ت,20191208,12332.76,12786,12253,12533.51,3929386,156758988893.00,3539,12294,NORI,NORI Petrochemical-a,پتروشيمي_نوري-ت,13980917,12633.73
نوري-ت,20191209,12629.65,13038,12567,12903.61,3481293,142983979610.00,3340,12534,NORI,NORI Petrochemical-a,پتروشيمي_نوري-ت,13980918,13006.34
نوري-ت,20191210,13345.96,13549,13214,13485.14,7773646,333665416374.00,4941,12904,NORI,NORI Petrochemical-a,پتروشيمي_نوري-ت,13980919,13540.43
نوري-ت,20191211,13509.33,13823,13258,13563.68,4530602,195599377181.00,4302,13485,NORI,NORI Petrochemical-a,پتروشيمي_نوري-ت,13980920,13678.98
نوري-ت,20191214,13678.66,14242,13566,14135.47,4719708,212354160050.00,5094,13564,NORI,NORI Petrochemical-a,پتروشيمي_نوري-ت,13980923,14241.66
نوري-ت,20191215,14731.45,14731,13823,14286.58,4283847,194805254505.00,6179,14135,NORI,NORI Petrochemical-a,پتروشيمي_نوري-ت,13980924,14105.94
نوري-ت,20191216,14078.60,14405,13668,13984.98,4306689,191707128183.00,5307,14287,NORI,NORI Petrochemical-a,پتروشيمي_نوري-ت,13980925,13955.45
نوري-ت,20191217,13834.81,14684,13835,14510.27,4825061,222850711688.00,5414,13985,NORI,NORI Petrochemical-a,پتروشيمي_نوري-ت,13980926,14530.69
نوري-ت,20191222,14608.92,15237,14609,14988.76,2589705,123551034996.00,2609,14510,NORI,NORI Petrochemical-a,پتروشيمي_نوري-ت,13981001,15235.69
نوري-ت,20191223,15548.29,15548,14766,15087.72,4030544,193564355011.00,4214,14989,NORI,NORI Petrochemical-a,پتروشيمي_نوري-ت,13981002,15144.27
نوري-ت,20191224,15190.14,15394,14766,15108.45,2407328,115768907031.00,2702,15088,NORI,NORI Petrochemical-a,پتروشيمي_نوري-ت,13981003,15048.76
نوري-ت,20191225,15080.18,15200,14640,14826.64,2218369,104690823182.00,3516,15108,NORI,NORI Petrochemical-a,پتروشيمي_نوري-ت,13981004,14846.12
نوري-ت,20191228,15174.43,15331,14892,15121.96,2328762,112090271105.00,3183,14827,NORI,NORI Petrochemical-a,پتروشيمي_نوري-ت,13981007,14938.80
نوري-ت,20191229,14887.28,15426,14731,14963.31,3441629,163917673306.00,3423,15122,NORI,NORI Petrochemical-a,پتروشيمي_نوري-ت,13981008,15173.17
نوري-ت,20191230,15080.18,15711,15049,15642.23,7546942,375756839037.00,4253,14963,NORI,NORI Petrochemical-a,پتروشيمي_نوري-ت,13981009,15711.35
نوري-ت,20191231,16054.11,16305,15237,15817.54,2755583,138734656762.00,3365,15642,NORI,NORI Petrochemical-a,پتروشيمي_نوري-ت,13981010,15806.85
نوري-ت,20200101,15991.27,16273,15551,16032.74,2665296,136015901798.00,2809,15818,NORI,NORI Petrochemical-a,پتروشيمي_نوري-ت,13981011,15913.67
نوري-ت,20200104,16032.74,16054,15231,15837.33,14412560,726539018998.00,3189,16033,NORI,NORI Petrochemical-a,پتروشيمي_نوري-ت,13981014,15231.29
نوري-ت,20200105,15677.10,16311,15567,15819.11,11516838,579892194464.00,4515,15837,NORI,NORI Petrochemical-a,پتروشيمي_نوري-ت,13981015,15708.52
نوري-ت,20200107,15834.19,16023,15028,15202.08,8223153,397903457827.00,4145,15819,NORI,NORI Petrochemical-a,پتروشيمي_نوري-ت,13981017,15048.76
نوري-ت,20200108,14898.27,15255,14898,14927.49,9387543,446038525749.00,3692,15202,NORI,NORI Petrochemical-a,پتروشيمي_نوري-ت,13981018,15236.95
نوري-ت,20200111,15225.95,15226,15226,15225.95,220544,10688444416.00,121,14927,NORI,NORI Petrochemical-a,پتروشيمي_نوري-ت,13981021,15225.95
نوري-ت,20200112,15987.19,15987,15987,15987.19,447477,22770762099.00,268,15226,NORI,NORI Petrochemical-a,پتروشيمي_نوري-ت,13981022,15987.19
نوري-ت,20200113,16786.44,16786,16786,16786.44,1821105,97303461255.00,555,15987,NORI,NORI Petrochemical-a,پتروشيمي_نوري-ت,13981023,16786.44
نوري-ت,20200114,17625.59,17626,17217,17567.47,13180017,736982233236.00,5780,16786,NORI,NORI Petrochemical-a,پتروشيمي_نوري-ت,13981024,17625.59
نوري-ت,20200115,17719.21,18446,17568,18224.40,6859443,397903513201.00,3738,17567,NORI,NORI Petrochemical-a,پتروشيمي_نوري-ت,13981025,18445.57
نوري-ت,20200118,18850.22,19070,18446,18849.91,9394613,563668984281.00,3834,18224,NORI,NORI Petrochemical-a,پتروشيمي_نوري-ت,13981028,18910.23
نوري-ت,20200119,19063.86,19064,18222,18781.73,4376265,261621130057.00,3157,18850,NORI,NORI Petrochemical-a,پتروشيمي_نوري-ت,13981029,18660.78
نوري-ت,20200120,18815.66,18850,18473,18728.01,8616860,513662324305.00,3247,18782,NORI,NORI Petrochemical-a,پتروشيمي_نوري-ت,13981030,18575.32
نوري-ت,20200121,18536.05,18756,18300,18557.10,9826045,580396339421.00,2789,18728,NORI,NORI Petrochemical-a,پتروشيمي_نوري-ت,13981101,18347.55
نوري-ت,20200122,18338.13,18693,17908,18304.51,3910659,227848553474.00,3141,18557,NORI,NORI Petrochemical-a,پتروشيمي_نوري-ت,13981102,18284.72
نوري-ت,20200125,18316.13,18316,17855,17935.05,3627111,207060772271.00,4856,18305,NORI,NORI Petrochemical-a,پتروشيمي_نوري-ت,13981105,17901.43
نوري-ت,20200126,18829.80,18830,18009,18262.72,3971176,230844108313.00,3767,17935,NORI,NORI Petrochemical-a,پتروشيمي_نوري-ت,13981106,18052.23
نوري-ت,20200127,18434.58,18435,17876,18072.02,2514559,144643975108.00,2643,18263,NORI,NORI Petrochemical-a,پتروشيمي_نوري-ت,13981107,18262.72
نوري-ت,20200128,18259.58,18466,18065,18162.50,2606501,150684044083.00,2826,18072,NORI,NORI Petrochemical-a,پتروشيمي_نوري-ت,13981108,18072.02
نوري-ت,20200201,18064.80,18065,17531,17662.03,2552952,143521269230.00,3813,18163,NORI,NORI Petrochemical-a,پتروشيمي_نوري-ت,13981112,17608.31
نوري-ت,20200202,17439.91,17784,17283,17584.43,1546112,86537012039.00,2565,17662,NORI,NORI Petrochemical-a,پتروشيمي_نوري-ت,13981113,17625.59
نوري-ت,20200203,17584.43,18442,17515,18195.49,1624751,94099488076.00,2365,17584,NORI,NORI Petrochemical-a,پتروشيمي_نوري-ت,13981114,18221.88
نوري-ت,20200204,18224.71,18379,17782,17938.82,2123628,121256315297.00,2392,18195,NORI,NORI Petrochemical-a,پتروشيمي_نوري-ت,13981115,17844.88
نوري-ت,20200205,18221.57,18462,17908,18097.79,1553287,89477428358.00,2389,17939,NORI,NORI Petrochemical-a,پتروشيمي_نوري-ت,13981116,18378.97
نوري-ت,20200208,18300.43,18599,18300,18411.01,2282280,133745335466.00,2327,18098,NORI,NORI Petrochemical-a,پتروشيمي_نوري-ت,13981119,18395.93
نوري-ت,20200209,18394.68,18395,17971,18182.93,2317911,134151420808.00,2482,18411,NORI,NORI Petrochemical-a,پتروشيمي_نوري-ت,13981120,18221.88
نوري-ت,20200210,18692.82,18693,17908,18232.25,2839983,164813032770.00,2941,18183,NORI,NORI Petrochemical-a,پتروشيمي_نوري-ت,13981121,18338.13
نوري-ت,20200212,18380.54,19144,18381,18982.80,2519015,152203036650.00,1925,18232,NORI,NORI Petrochemical-a,پتروشيمي_نوري-ت,13981123,19143.66
نوري-ت,20200215,19931.91,19932,19733,19931.28,9267292,587925519936.00,2306,18983,NORI,NORI Petrochemical-a,پتروشيمي_نوري-ت,13981126,19931.91
نوري-ت,20200216,20927.83,20928,20814,20927.20,10891293,725484103246.00,3011,19931,NORI,NORI Petrochemical-a,پتروشيمي_نوري-ت,13981127,20927.83
نوري-ت,20200217,21520.67,21973,21314,21802.80,6506236,451522187206.00,4274,20927,NORI,NORI Petrochemical-a,پتروشيمي_نوري-ت,13981128,21803.43
نوري-ت,20200218,21803.43,22306,20945,21683.41,4257546,293846138962.00,3646,21803,NORI,NORI Petrochemical-a,پتروشيمي_نوري-ت,13981129,21803.43
نوري-ت,20200219,21366.73,22243,21367,21921.24,2529251,176478348301.00,2999,21683,NORI,NORI Petrochemical-a,پتروشيمي_نوري-ت,13981130,21928.78
نوري-ت,20200222,20892.33,23017,20892,22345.05,2935879,208811123907.00,3027,21921,NORI,NORI Petrochemical-a,پتروشيمي_نوري-ت,13981203,22624.67
نوري-ت,20200223,23458.79,23462,22872,23341.92,3861155,286872726273.00,3400,22345,NORI,NORI Petrochemical-a,پتروشيمي_نوري-ت,13981204,23284.42
نوري-ت,20200224,24411.04,24411,22934,23845.85,3701151,280921413491.00,2786,23342,NORI,NORI Petrochemical-a,پتروشيمي_نوري-ت,13981205,24112.26
نوري-ت,20200225,24191.12,24223,23600,23939.47,2968336,226183124019.00,3869,23846,NORI,NORI Petrochemical-a,پتروشيمي_نوري-ت,13981206,23945.44
نوري-ت,20200226,24178.55,24179,22890,23323.38,3372015,250332832102.00,4204,23939,NORI,NORI Petrochemical-a,پتروشيمي_نوري-ت,13981207,22934.44
نوري-ت,20200229,22157.50,22463,22157,22164.72,3747150,264362788551.00,4280,23323,NORI,NORI Petrochemical-a,پتروشيمي_نوري-ت,13981210,22157.50
نوري-ت,20200301,21614.92,22934,21615,22650.11,1361625,98166297893.00,2314,22165,NORI,NORI Petrochemical-a,پتروشيمي_نوري-ت,13981211,22840.19
نوري-ت,20200302,23525.08,23777,22890,23397.53,2683057,199817438961.00,2187,22650,NORI,NORI Petrochemical-a,پتروشيمي_نوري-ت,13981212,23716.72
نوري-ت,20200303,23782.38,24502,23563,23958.32,2577833,196581724060.00,2460,23398,NORI,NORI Petrochemical-a,پتروشيمي_نوري-ت,13981213,24120.75
نوري-ت,20200304,24316.79,24317,23563,23780.50,1432233,108409303851.00,3110,23958,NORI,NORI Petrochemical-a,پتروشيمي_نوري-ت,13981214,23830.45
نوري-ت,20200307,22591.68,23249,22592,22657.65,3662885,264163560013.00,4021,23780,NORI,NORI Petrochemical-a,پتروشيمي_نوري-ت,13981217,22777.35
نوري-ت,20200309,21525.07,21525,21525,21958.63,740541,50737426074.00,1149,22658,NORI,NORI Petrochemical-a,پتروشيمي_نوري-ت,13981219,21525.07
نوري-ت,20200310,20860.91,20861,20861,20860.91,1793026,119056926400.00,1046,21959,NORI,NORI Petrochemical-a,پتروشيمي_نوري-ت,13981220,20860.91
نوري-ت,20200311,19817.87,20735,19818,20025.22,5637659,359342970726.00,4907,20861,NORI,NORI Petrochemical-a,پتروشيمي_نوري-ت,13981221,19817.87
نوري-ت,20200314,19023.96,19024,19024,19023.96,1567700,94928938100.00,1404,20025,NORI,NORI Petrochemical-a,پتروشيمي_نوري-ت,13981224,19023.96
نوري-ت,20200315,18100.61,19421,18073,18383.37,6370688,372774365794.00,5823,19024,NORI,NORI Petrochemical-a,پتروشيمي_نوري-ت,13981225,19143.97
نوري-ت,20200316,19302.31,19302,19189,19302.00,5157105,316840960148.00,3547,18383,NORI,NORI Petrochemical-a,پتروشيمي_نوري-ت,13981226,19302.31
نوري-ت,20200317,19541.40,19581,18337,19005.74,2683231,162321311854.00,3570,19302,NORI,NORI Petrochemical-a,پتروشيمي_نوري-ت,13981227,19482.96
نوري-ت,20200318,19557.11,19953,19347,19785.82,2343690,147600681325.00,3212,19006,NORI,NORI Petrochemical-a,پتروشيمي_نوري-ت,13981228,19795.88
نوري-ت,20200324,19635.65,19783,18797,18868.45,3166371,190165229376.00,4798,19786,NORI,NORI Petrochemical-a,پتروشيمي_نوري-ت,13990105,18796.81
نوري-ت,20200325,18378.97,19783,18379,19165.34,3480564,212325307382.00,4423,18868,NORI,NORI Petrochemical-a,پتروشيمي_نوري-ت,13990106,19061.35
نوري-ت,20200328,19166.28,19184,18599,18871.59,5997097,360231653132.00,9038,19165,NORI,NORI Petrochemical-a,پتروشيمي_نوري-ت,13990109,18966.47
نوري-ت,20200329,19258.96,19435,18694,19081.14,3613960,219493439499.00,6216,18872,NORI,NORI Petrochemical-a,پتروشيمي_نوري-ت,13990110,18878.50
نوري-ت,20200330,18614.91,19479,18615,18986.26,4585256,277102043890.00,4581,19081,NORI,NORI Petrochemical-a,پتروشيمي_نوري-ت,13990111,19111.30
نوري-ت,20200404,19915.26,19935,19793,19928.46,4152492,263399983215.00,1973,18986,NORI,NORI Petrochemical-a,پتروشيمي_نوري-ت,13990116,19935.37
نوري-ت,20200405,20924.69,20925,19849,20341.28,5337232,345564377069.00,6795,19928,NORI,NORI Petrochemical-a,پتروشيمي_نوري-ت,13990117,20172.88
نوري-ت,20200406,20326.82,20327,19338,19752.21,2363272,148581445093.00,3891,20341,NORI,NORI Petrochemical-a,پتروشيمي_نوري-ت,13990118,19918.40
نوري-ت,20200407,19857.14,20339,19856,20101.88,2821612,180537113733.00,4239,19752,NORI,NORI Petrochemical-a,پتروشيمي_نوري-ت,13990119,20138.32
نوري-ت,20200408,20323.37,20656,19950,20242.63,3004282,193572361637.00,5196,20102,NORI,NORI Petrochemical-a,پتروشيمي_نوري-ت,13990120,20201.16
نوري-ت,20200411,20609.58,21255,20452,21012.97,4340564,290314584323.00,4746,20243,NORI,NORI Petrochemical-a,پتروشيمي_نوري-ت,13990123,21254.57
نوري-ت,20200412,21830.76,22064,21013,22004.18,3290138,230436921389.00,2808,21013,NORI,NORI Petrochemical-a,پتروشيمي_نوري-ت,13990124,22063.56
نوري-ت,20200413,22934.44,22934,21584,22051.93,2966346,208211286863.00,3598,22004,NORI,NORI Petrochemical-a,پتروشيمي_نوري-ت,13990125,21662.05
نوري-ت,20200414,20949.51,21456,20950,21108.79,2805055,188468193170.00,5971,22052,NORI,NORI Petrochemical-a,پتروشيمي_نوري-ت,13990126,21080.83
نوري-ت,20200415,20735.25,22164,20735,21616.81,3686467,253649879984.00,5228,21109,NORI,NORI Petrochemical-a,پتروشيمي_نوري-ت,13990127,21426.42
نوري-ت,20200420,22965.86,24114,22966,23575.97,5286754,396730263016.00,6141,21617,NORI,NORI Petrochemical-a,پتروشيمي_نوري-ت,13990201,23562.78
نوري-ت,20200421,23091.52,24114,23092,23674.31,3954769,298013133980.00,4820,23576,NORI,NORI Petrochemical-a,پتروشيمي_نوري-ت,13990202,23681.54
نوري-ت,20200422,23249.24,23549,22796,23126.08,4688113,345093964482.00,5731,23674,NORI,NORI Petrochemical-a,پتروشيمي_نوري-ت,13990203,23245.47
نوري-ت,20200425,23624.98,24282,23625,24228.51,6557483,505708659250.00,2524,23126,NORI,NORI Petrochemical-a,پتروشيمي_نوري-ت,13990206,24282.23
نوري-ت,20200426,25439.63,25440,24191,25315.22,8536898,687890059392.00,3892,24229,NORI,NORI Petrochemical-a,پتروشيمي_نوري-ت,13990207,25439.63
نوري-ت,20200427,26569.39,26581,26266,26564.05,15818822,1337527360163.00,7274,25315,NORI,NORI Petrochemical-a,پتروشيمي_نوري-ت,13990208,26580.70
نوري-ت,20200428,27678.41,27892,27334,27872.57,13317837,1181526230655.00,4177,26564,NORI,NORI Petrochemical-a,پتروشيمي_نوري-ت,13990209,27892.05
نوري-ت,20200429,29265.91,29266,29266,29265.91,6221484,579549899052.00,3057,27873,NORI,NORI Petrochemical-a,پتروشيمي_نوري-ت,13990210,29265.91
نوري-ت,20200502,30729.01,30729,30729,30729.01,6239843,610319043830.00,3774,29266,NORI,NORI Petrochemical-a,پتروشيمي_نوري-ت,13990213,30729.01
نوري-ت,20200503,32265.30,32265,32202,32264.98,8756965,899328437375.00,5778,30729,NORI,NORI Petrochemical-a,پتروشيمي_نوري-ت,13990214,32233.88
نوري-ت,20200504,31417.04,32265,30652,31138.37,10513753,1042052637678.00,10676,32265,NORI,NORI Petrochemical-a,پتروشيمي_نوري-ت,13990215,30718.01
نوري-ت,20200505,31357.35,31357,29582,29780.84,8075622,765504583631.00,7103,31138,NORI,NORI Petrochemical-a,پتروشيمي_نوري-ت,13990216,29581.66
نوري-ت,20200506,28463.84,31270,28464,30495.89,6612609,641872607989.00,6148,29781,NORI,NORI Petrochemical-a,پتروشيمي_نوري-ت,13990217,31269.69
نوري-ت,20200509,32020.56,32021,32021,32020.56,4841006,493400172526.00,2793,30496,NORI,NORI Petrochemical-a,پتروشيمي_نوري-ت,13990220,32020.56
نوري-ت,20200510,33621.57,33622,32045,33574.76,5165463,552023358342.00,3300,32021,NORI,NORI Petrochemical-a,پتروشيمي_نوري-ت,13990221,33621.57
نوري-ت,20200511,34881.40,35124,32360,34000.46,6544568,708270464521.00,8380,33575,NORI,NORI Petrochemical-a,پتروشيمي_نوري-ت,13990222,32987.58
نوري-ت,20200512,32516.64,32956,32300,32343.84,2406776,247777684075.00,1852,34000,NORI,NORI Petrochemical-a,پتروشيمي_نوري-ت,13990223,32300.49
نوري-ت,20200513,30788.70,33961,30789,33263.42,8620193,912678387870.00,5763,32344,NORI,NORI Petrochemical-a,پتروشيمي_نوري-ت,13990224,32673.72
نوري-ت,20200516,33270.96,33302,31601,32066.11,2257255,230388142291.00,2240,33263,NORI,NORI Petrochemical-a,پتروشيمي_نوري-ت,13990227,31600.51
نوري-ت,20200517,30462.90,33669,30463,32216.29,5269434,540348338267.00,5266,32066,NORI,NORI Petrochemical-a,پتروشيمي_نوري-ت,13990228,33616.23
نوري-ت,20200518,33827.04,33827,33302,33813.53,2411185,259511395985.00,2220,32216,NORI,NORI Petrochemical-a,پتروشيمي_نوري-ت,13990229,33827.04
نوري-ت,20200519,35504.08,35504,35504,35504.08,1249401,141193557609.00,1181,33814,NORI,NORI Petrochemical-a,پتروشيمي_نوري-ت,13990230,35504.08
نوري-ت,20200520,37279.14,37279,35504,36819.51,7598621,890525086368.00,6877,35504,NORI,NORI Petrochemical-a,پتروشيمي_نوري-ت,13990231,36380.93
نوري-ت,20200523,34978.79,36130,34979,35076.18,1364120,152299554506.00,1779,36820,NORI,NORI Petrochemical-a,پتروشيمي_نوري-ت,13990303,34978.79
نوري-ت,20200526,33901.05,35275,33605,33873.80,1894783,202579000000.00,1828,35076,NORI,NORI Petrochemical-a,پتروشيمي_نوري-ت,13990306,33604.81
نوري-ت,20200527,32180.33,35123,32180,33271.82,2904175,304980487852.00,3891,33874,NORI,NORI Petrochemical-a,پتروشيمي_نوري-ت,13990307,33663.43
نوري-ت,20200530,33353.88,34534,31641,33787.30,3834969,408968195678.00,4229,33272,NORI,NORI Petrochemical-a,پتروشيمي_نوري-ت,13990310,33248.06
نوري-ت,20200531,33787.30,35477,32102,33931.14,6864013,735110658579.00,6070,33787,NORI,NORI Petrochemical-a,پتروشيمي_نوري-ت,13990311,35476.64
نوري-ت,20200601,35484.87,35627,34601,35581.82,2288233,256983009606.00,1408,33931,NORI,NORI Petrochemical-a,پتروشيمي_نوري-ت,13990312,35627.45
نوري-ت,20200602,37360.82,37361,37361,37120.35,823585,97117966785.00,753,35582,NORI,NORI Petrochemical-a,پتروشيمي_نوري-ت,13990313,37360.82
نوري-ت,20200606,38976.33,38976,38976,38357.56,568912,69987554240.00,633,37120,NORI,NORI Petrochemical-a,پتروشيمي_نوري-ت,13990317,38976.33
نوري-ت,20200607,40275.33,40275,40275,40275.33,865592,110034055040.00,471,38358,NORI,NORI Petrochemical-a,پتروشيمي_نوري-ت,13990318,40275.33
نوري-ت,20200608,42289.10,42289,40275,42045.77,7715273,1023875345020.00,4942,40275,NORI,NORI Petrochemical-a,پتروشيمي_نوري-ت,13990319,42136.70
نوري-ت,20200609,41979.87,43785,39948,41296.79,3261107,425065799513.00,4491,42046,NORI,NORI Petrochemical-a,پتروشيمي_نوري-ت,13990320,40712.24
نوري-ت,20200610,41187.80,43362,41061,43077.37,2380463,323657924662.00,1831,41297,NORI,NORI Petrochemical-a,پتروشيمي_نوري-ت,13990321,43361.57
نوري-ت,20200613,45230.54,45231,45231,45043.61,671371,95844923960.00,518,43077,NORI,NORI Petrochemical-a,پتروشيمي_نوري-ت,13990324,45230.54
نوري-ت,20200614,47293.10,47293,46415,47280.43,11556970,1724608102540.00,10911,45044,NORI,NORI Petrochemical-a,پتروشيمي_نوري-ت,13990325,47293.10
نوري-ت,20200615,49393.68,49394,46099,47768.34,5775241,870738274200.00,10376,47280,NORI,NORI Petrochemical-a,پتروشيمي_نوري-ت,13990326,47524.38
نوري-ت,20200616,48569.92,48570,46099,47670.13,2951396,444067330760.00,7290,47768,NORI,NORI Petrochemical-a,پتروشيمي_نوري-ت,13990327,47765.18
نوري-ت,20200620,47904.58,50050,47036,48997.64,3646998,563998145220.00,6505,47670,NORI,NORI Petrochemical-a,پتروشيمي_نوري-ت,13990331,49552.09
نوري-ت,20200621,50375.85,51444,49109,50065.36,1460074,230724362460.00,2178,48998,NORI,NORI Petrochemical-a,پتروشيمي_نوري-ت,13990401,51443.56
نوري-ت,20200624,52568.31,52568,52568,52568.31,1100292,182560448640.00,1054,50065,NORI,NORI Petrochemical-a,پتروشيمي_نوري-ت,13990404,52568.31
نوري-ت,20200627,55194.82,55195,55195,55194.82,2768704,482335923840.00,1638,52568,NORI,NORI Petrochemical-a,پتروشيمي_نوري-ت,13990407,55194.82
نوري-ت,20200628,57954.40,57954,53617,57488.66,6439758,1168506428920.00,6784,55195,NORI,NORI Petrochemical-a,پتروشيمي_نوري-ت,13990408,57029.26
نوري-ت,20200629,57029.26,60198,54615,57200.35,3292325,594391107590.00,6903,57489,NORI,NORI Petrochemical-a,پتروشيمي_نوري-ت,13990409,59728.65
نوري-ت,20200630,60058.15,60058,60045,60058.15,1186742,224958613910.00,1890,57200,NORI,NORI Petrochemical-a,پتروشيمي_نوري-ت,13990410,60058.15
نوري-ت,20200701,63058.52,63059,62859,63055.35,4190946,834095817260.00,5014,60058,NORI,NORI Petrochemical-a,پتروشيمي_نوري-ت,13990411,63058.52
نوري-ت,20200704,66153.94,66154,59903,63058.52,4110191,818043045900.00,10985,63055,NORI,NORI Petrochemical-a,پتروشيمي_نوري-ت,13990414,62567.44
نوري-ت,20200705,64284.65,66211,60194,63990.00,5170123,1044194720330.00,10950,63059,NORI,NORI Petrochemical-a,پتروشيمي_نوري-ت,13990415,66210.97
نوري-ت,20200711,63300.00,63300,60137,60916.67,2695049,492516932810.00,7117,63990,NORI,NORI Petrochemical-a,پتروشيمي_نوري-ت,13990421,62100.00
نوري-ت,20200712,62996.67,63000,58000,60760.00,4591767,836971228060.00,10958,60917,NORI,NORI Petrochemical-a,پتروشيمي_نوري-ت,13990422,58400.00
نوري-ت,20200713,58436.67,58667,57723,57880.00,5874322,1020004703750.00,7852,60760,NORI,NORI Petrochemical-a,پتروشيمي_نوري-ت,13990423,57723.33
نوري-ت,20200714,55666.67,57557,54987,55440.00,7437071,1236961253160.00,11140,57880,NORI,NORI Petrochemical-a,پتروشيمي_نوري-ت,13990424,54986.67
نوري-ت,20200715,53376.67,58210,52673,56210.00,3790069,639123699200.00,9286,55440,NORI,NORI Petrochemical-a,پتروشيمي_نوري-ت,13990425,57000.00
نوري-ت,20200718,58166.67,59020,56100,58330.00,2288152,400401302680.00,6800,56210,NORI,NORI Petrochemical-a,پتروشيمي_نوري-ت,13990428,58966.67
نوري-ت,20200719,61133.33,61243,60577,61140.00,2142530,392976947440.00,2428,58330,NORI,NORI Petrochemical-a,پتروشيمي_نوري-ت,13990429,61243.33
نوري-ت,20200720,64166.67,64197,61437,63486.67,4234112,806426578050.00,7913,61140,NORI,NORI Petrochemical-a,پتروشيمي_نوري-ت,13990430,61900.00
نوري-ت,20200721,60313.33,63333,60313,60776.67,2874373,524096811270.00,5640,63487,NORI,NORI Petrochemical-a,پتروشيمي_نوري-ت,13990431,60313.33
نوري-ت,20200722,58666.67,61500,57740,58946.67,3063838,541802950710.00,5044,60777,NORI,NORI Petrochemical-a,پتروشيمي_نوري-ت,13990501,60900.00
نوري-ت,20200725,61893.33,61893,60733,61840.00,1631427,302667183930.00,4782,58947,NORI,NORI Petrochemical-a,پتروشيمي_نوري-ت,13990504,61100.00
نوري-ت,20200726,63263.33,63263,58750,60103.33,1868863,336975922140.00,4422,61840,NORI,NORI Petrochemical-a,پتروشيمي_نوري-ت,13990505,58753.33
نوري-ت,20200727,57353.33,59833,57100,57490.00,2844267,490546865440.00,5716,60103,NORI,NORI Petrochemical-a,پتروشيمي_نوري-ت,13990506,58970.00
نوري-ت,20200728,60296.67,60297,54617,57900.00,1668642,289841126440.00,4750,57490,NORI,NORI Petrochemical-a,پتروشيمي_نوري-ت,13990507,56166.67
نوري-ت,20200729,55666.67,57333,55170,56030.00,1876176,315367660220.00,5043,57900,NORI,NORI Petrochemical-a,پتروشيمي_نوري-ت,13990508,57010.00
نوري-ت,20200801,56696.67,58830,56693,58220.00,1832306,320030384140.00,4424,56030,NORI,NORI Petrochemical-a,پتروشيمي_نوري-ت,13990511,58830.00
نوري-ت,20200802,61130.00,61130,55310,60536.67,1673282,303887566030.00,4158,58220,NORI,NORI Petrochemical-a,پتروشيمي_نوري-ت,13990512,60200.00
نوري-ت,20200803,61000.00,61000,58833,59883.33,830961,149284780190.00,3183,60537,NORI,NORI Petrochemical-a,پتروشيمي_نوري-ت,13990513,59010.00
نوري-ت,20200804,58416.67,59833,58300,58510.00,1921742,337330498600.00,5142,59883,NORI,NORI Petrochemical-a,پتروشيمي_نوري-ت,13990514,58340.00
نوري-ت,20200805,59633.33,59633,56667,57520.00,1813020,312860686360.00,5047,58510,NORI,NORI Petrochemical-a,پتروشيمي_نوري-ت,13990515,58633.33
نوري-ت,20200809,59323.33,60390,56963,59040.00,2520999,446531572580.00,6022,57520,NORI,NORI Petrochemical-a,پتروشيمي_نوري-ت,13990519,59966.67
نوري-ت,20200810,61466.67,61467,56090,57783.33,2690384,466390739330.00,4938,59040,NORI,NORI Petrochemical-a,پتروشيمي_نوري-ت,13990520,57006.67
نوري-ت,20200811,55590.00,57333,54897,55166.67,1702204,281714969870.00,3860,57783,NORI,NORI Petrochemical-a,پتروشيمي_نوري-ت,13990521,54900.00
نوري-ت,20200812,57000.00,57000,52410,53130.00,2366429,377196301100.00,3998,55167,NORI,NORI Petrochemical-a,پتروشيمي_نوري-ت,13990522,53016.67
نوري-ت,20200815,53333.33,53667,50477,50733.33,1566502,238420639450.00,3054,53130,NORI,NORI Petrochemical-a,پتروشيمي_نوري-ت,13990525,50483.33
نوري-ت,20200816,48866.67,50733,48197,48506.67,2220017,323059670450.00,3978,50733,NORI,NORI Petrochemical-a,پتروشيمي_نوري-ت,13990526,48336.67
نوري-ت,20200817,48336.67,50930,48337,50780.00,5862932,893185954290.00,3333,48507,NORI,NORI Petrochemical-a,پتروشيمي_نوري-ت,13990527,50930.00
نوري-ت,20200818,53316.67,53317,53267,53316.67,2731315,436872919630.00,1737,50780,NORI,NORI Petrochemical-a,پتروشيمي_نوري-ت,13990528,53316.67
نوري-ت,20200819,54666.67,54667,50653,51293.33,1929118,296849712980.00,4032,53317,NORI,NORI Petrochemical-a,پتروشيمي_نوري-ت,13990529,50653.33
نوري-ت,20200822,51666.67,53857,49000,50746.67,1598033,243281061780.00,3147,51293,NORI,NORI Petrochemical-a,پتروشيمي_نوري-ت,13990601,50043.33
نوري-ت,20200823,49996.67,49997,48210,48403.33,1170869,170020653080.00,1317,50747,NORI,NORI Petrochemical-a,پتروشيمي_نوري-ت,13990602,48210.00
نوري-ت,20200824,46766.67,49867,45983,46053.33,5731025,791807131710.00,3202,48403,NORI,NORI Petrochemical-a,پتروشيمي_نوري-ت,13990603,45983.33
نوري-ت,20200825,47966.67,48353,46773,48203.33,653177,94456640980.00,834,46053,NORI,NORI Petrochemical-a,پتروشيمي_نوري-ت,13990604,48353.33
نوري-ت,20200826,50613.33,50613,50613,50613.33,1076680,163483091200.00,510,48203,NORI,NORI Petrochemical-a,پتروشيمي_نوري-ت,13990605,50613.33
نوري-ت,20200831,53143.33,53143,51477,53010.00,6153869,978628978140.00,4919,50613,NORI,NORI Petrochemical-a,پتروشيمي_نوري-ت,13990610,53033.33
نوري-ت,20200901,53140.00,53140,50500,51660.00,1820638,282162941230.00,2989,53010,NORI,NORI Petrochemical-a,پتروشيمي_نوري-ت,13990611,51530.00
نوري-ت,20200902,50003.33,54240,49080,50900.00,3151314,481194813910.00,3621,51660,NORI,NORI Petrochemical-a,پتروشيمي_نوري-ت,13990612,52950.00
نوري-ت,20200905,53443.33,53443,53363,53440.00,1859025,298038479320.00,1983,50900,NORI,NORI Petrochemical-a,پتروشيمي_نوري-ت,13990615,53443.33
نوري-ت,20200906,56110.00,56110,53440,55683.33,3733510,623678687050.00,5121,53440,NORI,NORI Petrochemical-a,پتروشيمي_نوري-ت,13990616,55850.00
نوري-ت,20200907,55856.67,57830,52900,54433.33,5881390,960454344840.00,4542,55683,NORI,NORI Petrochemical-a,پتروشيمي_نوري-ت,13990617,54333.33
نوري-ت,20200908,51913.33,54500,51713,52193.33,3527700,552377859130.00,2139,54433,NORI,NORI Petrochemical-a,پتروشيمي_نوري-ت,13990618,51713.33
نوري-ت,20200909,50333.33,54800,50333,54306.67,3456897,563201783380.00,3667,52193,NORI,NORI Petrochemical-a,پتروشيمي_نوري-ت,13990619,54800.00
نوري-ت,20200912,57020.00,57020,56500,57020.00,3638845,622448136450.00,2919,54307,NORI,NORI Petrochemical-a,پتروشيمي_نوري-ت,13990622,57020.00
نوري-ت,20200913,57590.00,59663,55003,57580.00,3534177,610506718820.00,5079,57020,NORI,NORI Petrochemical-a,پتروشيمي_نوري-ت,13990623,58330.00
نوري-ت,20200914,57000.00,60457,57000,60283.33,6046541,1093512679640.00,5348,57580,NORI,NORI Petrochemical-a,پتروشيمي_نوري-ت,13990624,60456.67
نوري-ت,20200915,62666.67,63297,62067,63190.00,3048187,577853824200.00,3140,60283,NORI,NORI Petrochemical-a,پتروشيمي_نوري-ت,13990625,63296.67
نوري-ت,20200916,66326.67,66347,62000,64496.67,5406759,1046149921490.00,8669,63190,NORI,NORI Petrochemical-a,پتروشيمي_نوري-ت,13990626,63783.33
نوري-ت,20200919,64000.00,66533,61700,64433.33,3520618,680551018660.00,7218,64497,NORI,NORI Petrochemical-a,پتروشيمي_نوري-ت,13990629,63766.67
نوري-ت,20200920,62333.33,63530,61213,61576.67,1455952,268959903710.00,2461,64433,NORI,NORI Petrochemical-a,پتروشيمي_نوري-ت,13990630,61213.33
نوري-ت,20200921,58503.33,60667,58500,58620.00,2372002,417136056110.00,2307,61577,NORI,NORI Petrochemical-a,پتروشيمي_نوري-ت,13990631,60566.67
نوري-ت,20200922,61533.33,61533,58667,60040.00,2924172,526695749270.00,4484,58620,NORI,NORI Petrochemical-a,پتروشيمي_نوري-ت,13990701,60300.00
نوري-ت,20200923,60533.33,63040,60533,62080.00,2764252,514801186510.00,3859,60040,NORI,NORI Petrochemical-a,پتروشيمي_نوري-ت,13990702,61933.33
نوري-ت,20200926,61966.67,64000,60000,61796.67,1295402,240155824420.00,3088,62080,NORI,NORI Petrochemical-a,پتروشيمي_نوري-ت,13990705,62080.00
نوري-ت,20200927,60333.33,60333,58710,58876.67,769386,135894121360.00,1154,61797,NORI,NORI Petrochemical-a,پتروشيمي_نوري-ت,13990706,58710.00
نوري-ت,20200928,55933.33,56633,55933,55933.33,2529512,424459267630.00,1803,58877,NORI,NORI Petrochemical-a,پتروشيمي_نوري-ت,13990707,55933.33
نوري-ت,20200929,54333.33,58623,54333,56543.33,1989099,337411657370.00,3292,55933,NORI,NORI Petrochemical-a,پتروشيمي_نوري-ت,13990708,57333.33
نوري-ت,20200930,59246.67,59247,57283,57873.33,2004209,347964848170.00,2740,56543,NORI,NORI Petrochemical-a,پتروشيمي_نوري-ت,13990709,58263.33
نوري-ت,20201003,58193.33,60767,58193,60573.33,2582392,469265013060.00,3458,57873,NORI,NORI Petrochemical-a,پتروشيمي_نوري-ت,13990712,60766.67
نوري-ت,20201004,60866.67,60867,57547,58193.33,1815137,316894873760.00,2922,60573,NORI,NORI Petrochemical-a,پتروشيمي_نوري-ت,13990713,57546.67
نوري-ت,20201005,56000.00,57370,55287,55836.67,1204797,201818531370.00,2697,58193,NORI,NORI Petrochemical-a,پتروشيمي_نوري-ت,13990714,56000.00
نوري-ت,20201006,54773.33,58563,54773,56963.33,1056398,180527913810.00,1982,55837,NORI,NORI Petrochemical-a,پتروشيمي_نوري-ت,13990715,57600.00
نوري-ت,20201007,57803.33,58450,56000,57213.33,937427,160900283530.00,2731,56963,NORI,NORI Petrochemical-a,پتروشيمي_نوري-ت,13990716,56736.67
نوري-ت,20201010,56066.67,57500,55563,56650.00,1144933,194586874080.00,2429,57213,NORI,NORI Petrochemical-a,پتروشيمي_نوري-ت,13990719,57033.33
نوري-ت,20201011,56936.67,59257,56937,58200.00,1589467,277518077470.00,2739,56650,NORI,NORI Petrochemical-a,پتروشيمي_نوري-ت,13990720,57146.67
نوري-ت,20201012,57100.00,58567,56170,57180.00,1393074,238968189680.00,2391,58200,NORI,NORI Petrochemical-a,پتروشيمي_نوري-ت,13990721,56430.00
نوري-ت,20201013,56666.67,58667,55937,57370.00,929108,159909922640.00,1561,57180,NORI,NORI Petrochemical-a,پتروشيمي_نوري-ت,13990722,58666.67
نوري-ت,20201014,57403.33,58333,55667,57580.00,1495451,258330332600.00,2340,57370,NORI,NORI Petrochemical-a,پتروشيمي_نوري-ت,13990723,58163.33
نوري-ت,20201018,57636.67,57640,54853,55673.33,987963,165013925840.00,2189,57580,NORI,NORI Petrochemical-a,پتروشيمي_نوري-ت,13990727,55010.00
نوري-ت,20201019,52900.00,54993,52890,52973.33,656427,104317834860.00,1436,55673,NORI,NORI Petrochemical-a,پتروشيمي_نوري-ت,13990728,52890.00
نوري-ت,20201020,50326.67,55620,50327,52610.00,3805185,600571200480.00,2675,52973,NORI,NORI Petrochemical-a,پتروشيمي_نوري-ت,13990729,55620.00
نوري-ت,20201021,55240.00,55240,54670,55236.67,5619747,931272203570.00,3595,52610,NORI,NORI Petrochemical-a,پتروشيمي_نوري-ت,13990730,55240.00
نوري-ت,20201024,55996.67,56567,52667,54510.00,3508776,573787246510.00,4259,55237,NORI,NORI Petrochemical-a,پتروشيمي_نوري-ت,13990803,54666.67
نوري-ت,20201026,54000.00,54510,51787,52566.67,3677419,579947151760.00,4154,54510,NORI,NORI Petrochemical-a,پتروشيمي_نوري-ت,13990805,53300.00
نوري-ت,20201027,52586.67,53997,50000,50913.33,2410909,368239772280.00,3290,52567,NORI,NORI Petrochemical-a,پتروشيمي_نوري-ت,13990806,51333.33
نوري-ت,20201028,51326.67,53457,50050,52890.00,4266285,676945891480.00,5566,50913,NORI,NORI Petrochemical-a,پتروشيمي_نوري-ت,13990807,53456.67
نوري-ت,20201031,53333.33,55533,53167,55186.67,2572530,425908240140.00,3634,52890,NORI,NORI Petrochemical-a,پتروشيمي_نوري-ت,13990810,55533.33
نوري-ت,20201101,55533.33,57193,53433,55693.33,2912565,486637532050.00,4555,55187,NORI,NORI Petrochemical-a,پتروشيمي_نوري-ت,13990811,55336.67
نوري-ت,20201102,56496.67,58477,55343,57950.00,4354552,757033550600.00,5960,55693,NORI,NORI Petrochemical-a,پتروشيمي_نوري-ت,13990812,58476.67
نوري-ت,20201104,60846.67,60847,59000,60843.33,2408683,439651771850.00,2687,57950,NORI,NORI Petrochemical-a,پتروشيمي_نوري-ت,13990814,60846.67
نوري-ت,20201107,57803.33,57803,57803,57803.33,570637,98954162170.00,463,60843,NORI,NORI Petrochemical-a,پتروشيمي_نوري-ت,13990817,57803.33
نوري-ت,20201108,54913.33,54913,54913,54913.33,662494,109139261560.00,756,57803,NORI,NORI Petrochemical-a,پتروشيمي_نوري-ت,13990818,54913.33
نوري-ت,20201109,52170.00,55323,52170,53066.67,5966106,949823539030.00,5245,54913,NORI,NORI Petrochemical-a,پتروشيمي_نوري-ت,13990819,55000.00
نوري-ت,20201110,55000.00,55720,54003,55570.00,4354447,725934717890.00,4605,53067,NORI,NORI Petrochemical-a,پتروشيمي_نوري-ت,13990820,55720.00
نوري-ت,20201111,58346.67,58347,56337,58153.33,5176238,903039656260.00,6738,55570,NORI,NORI Petrochemical-a,پتروشيمي_نوري-ت,13990821,58346.67
نوري-ت,20201114,60333.33,61060,58703,60980.00,2024616,370390047510.00,2173,58153,NORI,NORI Petrochemical-a,پتروشيمي_نوري-ت,13990824,61060.00
نوري-ت,20201115,64026.67,64027,59333,62286.67,5711414,1067241092760.00,9672,60980,NORI,NORI Petrochemical-a,پتروشيمي_نوري-ت,13990825,60023.33
نوري-ت,20201116,59666.67,63800,59333,61840.00,3855689,715312648570.00,7130,62287,NORI,NORI Petrochemical-a,پتروشيمي_نوري-ت,13990826,61400.00
نوري-ت,20201117,62000.00,64667,61847,63446.67,3021996,575221021390.00,6747,61840,NORI,NORI Petrochemical-a,پتروشيمي_نوري-ت,13990827,64063.33
نوري-ت,20201118,64993.33,65667,63333,64683.33,3325561,645337329140.00,7170,63447,NORI,NORI Petrochemical-a,پتروشيمي_نوري-ت,13990828,64936.67
نوري-ت,20201121,65333.33,65333,61450,62226.67,4033621,752990174600.00,7306,64683,NORI,NORI Petrochemical-a,پتروشيمي_نوري-ت,13990901,61450.00
نوري-ت,20201122,59566.67,62997,59117,60736.67,2717729,495193748860.00,4899,62227,NORI,NORI Petrochemical-a,پتروشيمي_نوري-ت,13990902,60500.00
نوري-ت,20201123,61663.33,62730,60527,61450.00,2182147,402284968150.00,4710,60737,NORI,NORI Petrochemical-a,پتروشيمي_نوري-ت,13990903,61400.00
نوري-ت,20201124,61453.33,61663,58380,59063.33,4377458,775660313220.00,6901,61450,NORI,NORI Petrochemical-a,پتروشيمي_نوري-ت,13990904,60333.33
نوري-ت,20201125,59803.33,60667,59237,60210.00,4321860,780672037720.00,8518,59063,NORI,NORI Petrochemical-a,پتروشيمي_نوري-ت,13990905,60296.67
نوري-ت,20201213,67000.00,70350,65660,68820.00,31308385,2154615486380.00,19752,60210,NORI,NORI Petrochemical-a,پتروشيمي_نوري-ت,13990923,69740.00
نوري-ت,20201216,70510.00,73790,70510,71880.00,8655433,622160503740.00,5606,68820,NORI,NORI Petrochemical-a,پتروشيمي_نوري-ت,13990926,71600.00
نوري-ت,20201219,73790.00,73790,69740,72280.00,14622702,1056959720880.00,13956,71880,NORI,NORI Petrochemical-a,پتروشيمي_نوري-ت,13990929,72100.00
نوري-ت,20201220,72280.00,72280,69450,70310.00,9564905,672468197690.00,9035,72280,NORI,NORI Petrochemical-a,پتروشيمي_نوري-ت,13990930,69900.00
نوري-ت,20201221,69800.00,72000,68180,69900.00,5838912,408142550820.00,6521,70310,NORI,NORI Petrochemical-a,پتروشيمي_نوري-ت,13991001,69150.00
نوري-ت,20201222,68700.00,71140,68300,69640.00,5866657,408537657530.00,6793,69900,NORI,NORI Petrochemical-a,پتروشيمي_نوري-ت,13991002,68870.00
نوري-ت,20201223,69000.00,69520,67310,68110.00,6074964,413761084030.00,7341,69640,NORI,NORI Petrochemical-a,پتروشيمي_نوري-ت,13991003,68300.00
نوري-ت,20201226,68300.00,70700,66990,68880.00,11603273,799211524920.00,10785,68110,NORI,NORI Petrochemical-a,پتروشيمي_نوري-ت,13991006,69000.00
نوري-ت,20201227,71380.00,72320,70000,72140.00,12071474,870878896590.00,8039,68880,NORI,NORI Petrochemical-a,پتروشيمي_نوري-ت,13991007,72320.00
نوري-ت,20201228,75600.00,75740,73110,75150.00,15854037,1191497016840.00,15966,72140,NORI,NORI Petrochemical-a,پتروشيمي_نوري-ت,13991008,74200.00
نوري-ت,20201229,74200.00,74200,71400,71860.00,10232681,735330332480.00,10186,75150,NORI,NORI Petrochemical-a,پتروشيمي_نوري-ت,13991009,72000.00
نوري-ت,20201230,72000.00,72500,68900,70600.00,5870601,414446114900.00,6202,71860,NORI,NORI Petrochemical-a,پتروشيمي_نوري-ت,13991010,70410.00
نوري-ت,20210102,68600.00,70400,67070,67590.00,8335507,563413074850.00,7778,70600,NORI,NORI Petrochemical-a,پتروشيمي_نوري-ت,13991013,67070.00
نوري-ت,20210103,66010.00,70960,66010,70730.00,14791720,1046257863360.00,8815,67590,NORI,NORI Petrochemical-a,پتروشيمي_نوري-ت,13991014,70960.00
نوري-ت,20210104,72500.00,74020,70960,72790.00,7194539,523715328650.00,8819,70730,NORI,NORI Petrochemical-a,پتروشيمي_نوري-ت,13991015,72000.00
نوري-ت,20210105,72700.00,72700,69160,69850.00,5945437,415290074780.00,7603,72790,NORI,NORI Petrochemical-a,پتروشيمي_نوري-ت,13991016,69160.00
نوري-ت,20210106,67500.00,70200,66410,67720.00,8662339,586587134290.00,8532,69850,NORI,NORI Petrochemical-a,پتروشيمي_نوري-ت,13991017,68950.00
نوري-ت,20210109,68000.00,70200,66760,68060.00,5172057,352009245610.00,6055,67720,NORI,NORI Petrochemical-a,پتروشيمي_نوري-ت,13991020,68690.00
نوري-ت,20210110,69020.00,70670,67750,68650.00,4435840,304529649350.00,5120,68060,NORI,NORI Petrochemical-a,پتروشيمي_نوري-ت,13991021,68200.00
نوري-ت,20210111,68240.00,69980,66400,67590.00,4268653,288513918200.00,5452,68650,NORI,NORI Petrochemical-a,پتروشيمي_نوري-ت,13991022,66700.00
نوري-ت,20210112,66360.00,67380,64220,64510.00,3027450,195294050480.00,3139,67590,NORI,NORI Petrochemical-a,پتروشيمي_نوري-ت,13991023,64220.00
نوري-ت,20210113,61290.00,63000,61290,61420.00,8591414,527711167750.00,6300,64510,NORI,NORI Petrochemical-a,پتروشيمي_نوري-ت,13991024,61290.00
نوري-ت,20210116,58350.00,59000,58350,58360.00,1807081,105459205200.00,1420,61420,NORI,NORI Petrochemical-a,پتروشيمي_نوري-ت,13991027,58350.00
نوري-ت,20210118,55450.00,55450,55450,57030.00,742015,41144731750.00,537,58360,NORI,NORI Petrochemical-a,پتروشيمي_نوري-ت,13991029,55450.00
نوري-ت,20210119,54180.00,58980,54180,55240.00,18534688,1023858083140.00,10558,57030,NORI,NORI Petrochemical-a,پتروشيمي_نوري-ت,13991030,54980.00
نوري-ت,20210120,54110.00,58000,54110,57280.00,7528854,431261867300.00,5083,55240,NORI,NORI Petrochemical-a,پتروشيمي_نوري-ت,13991101,58000.00
نوري-ت,20210123,60140.00,60140,59270,60130.00,2957258,177806597470.00,1771,57280,NORI,NORI Petrochemical-a,پتروشيمي_نوري-ت,13991104,60140.00
نوري-ت,20210124,63130.00,63130,57130,59920.00,11442029,685612592750.00,8637,60130,NORI,NORI Petrochemical-a,پتروشيمي_نوري-ت,13991105,57620.00
نوري-ت,20210125,57510.00,59880,56930,57670.00,8812634,508215173920.00,6193,59920,NORI,NORI Petrochemical-a,پتروشيمي_نوري-ت,13991106,56970.00
نوري-ت,20210126,56640.00,58480,54790,55520.00,3782149,209977123370.00,3421,57670,NORI,NORI Petrochemical-a,پتروشيمي_نوري-ت,13991107,54790.00
نوري-ت,20210127,54000.00,56500,52750,54240.00,6688394,362786990600.00,4582,55520,NORI,NORI Petrochemical-a,پتروشيمي_نوري-ت,13991108,55080.00
نوري-ت,20210130,56570.00,56950,55330,56830.00,4595718,261194867280.00,3175,54240,NORI,NORI Petrochemical-a,پتروشيمي_نوري-ت,13991111,56950.00
نوري-ت,20210131,58400.00,58400,54780,55880.00,4114413,229923501430.00,3984,56830,NORI,NORI Petrochemical-a,پتروشيمي_نوري-ت,13991112,55050.00
نوري-ت,20210201,54500.00,57200,54380,55430.00,3753334,208062296990.00,3536,55880,NORI,NORI Petrochemical-a,پتروشيمي_نوري-ت,13991113,54790.00
نوري-ت,20210202,55000.00,55910,52920,54390.00,2575459,140088901580.00,2716,55430,NORI,NORI Petrochemical-a,پتروشيمي_نوري-ت,13991114,55200.00
نوري-ت,20210203,55470.00,56000,51680,52310.00,5249727,274624997940.00,4138,54390,NORI,NORI Petrochemical-a,پتروشيمي_نوري-ت,13991115,51680.00
نوري-ت,20210206,51650.00,52000,49700,50010.00,3972832,198668191500.00,1759,52310,NORI,NORI Petrochemical-a,پتروشيمي_نوري-ت,13991118,49700.00
نوري-ت,20210207,50030.00,52510,50030,52050.00,2671951,139083805370.00,1460,50010,NORI,NORI Petrochemical-a,پتروشيمي_نوري-ت,13991119,52510.00
نوري-ت,20210208,52580.00,53990,50610,52460.00,4967467,260570295080.00,3639,52050,NORI,NORI Petrochemical-a,پتروشيمي_نوري-ت,13991120,52420.00
نوري-ت,20210209,52460.00,54500,50950,53230.00,3742942,199247818720.00,3283,52460,NORI,NORI Petrochemical-a,پتروشيمي_نوري-ت,13991121,53200.00
نوري-ت,20210213,55060.00,56420,54800,56190.00,3982252,223773683300.00,2398,53230,NORI,NORI Petrochemical-a,پتروشيمي_نوري-ت,13991125,56420.00
نوري-ت,20210214,58300.00,58300,55070,56200.00,4903762,275594204690.00,3640,56190,NORI,NORI Petrochemical-a,پتروشيمي_نوري-ت,13991126,55200.00
نوري-ت,20210215,55080.00,56860,55080,55360.00,2216406,122700454000.00,2088,56200,NORI,NORI Petrochemical-a,پتروشيمي_نوري-ت,13991127,55080.00
نوري-ت,20210216,55790.00,55800,54260,54300.00,2014022,109360442170.00,1151,55360,NORI,NORI Petrochemical-a,پتروشيمي_نوري-ت,13991128,54270.00
نوري-ت,20210217,54000.00,55600,53220,53430.00,2647276,141445786550.00,2263,54300,NORI,NORI Petrochemical-a,پتروشيمي_نوري-ت,13991129,53230.00
نوري-ت,20210220,52420.00,53690,52370,52390.00,2191298,114801359870.00,1763,53430,NORI,NORI Petrochemical-a,پتروشيمي_نوري-ت,13991202,52370.00
نوري-ت,20210221,51350.00,51380,51350,51920.00,853217,43814292610.00,773,52390,NORI,NORI Petrochemical-a,پتروشيمي_نوري-ت,13991203,51350.00
نوري-ت,20210222,50890.00,50890,50890,51570.00,630406,32081361340.00,547,51920,NORI,NORI Petrochemical-a,پتروشيمي_نوري-ت,13991204,50890.00
نوري-ت,20210223,50540.00,52500,50540,51160.00,3218676,164652980660.00,3101,51570,NORI,NORI Petrochemical-a,پتروشيمي_نوري-ت,13991205,52400.00
نوري-ت,20210224,52860.00,52860,50150,51170.00,2146486,109834874550.00,2621,51160,NORI,NORI Petrochemical-a,پتروشيمي_نوري-ت,13991206,50850.00
نوري-ت,20210227,50590.00,50700,50150,50170.00,2882468,144605399420.00,2301,51170,NORI,NORI Petrochemical-a,پتروشيمي_نوري-ت,13991209,50150.00
نوري-ت,20210228,49180.00,50150,49170,49260.00,1846089,90838488770.00,1532,50170,NORI,NORI Petrochemical-a,پتروشيمي_نوري-ت,13991210,49170.00
نوري-ت,20210301,48320.00,50000,48320,49330.00,2592956,127914466920.00,2614,49260,NORI,NORI Petrochemical-a,پتروشيمي_نوري-ت,13991211,49480.00
نوري-ت,20210302,49490.00,51750,49490,50250.00,1770622,89140517890.00,1967,49330,NORI,NORI Petrochemical-a,پتروشيمي_نوري-ت,13991212,50640.00
نوري-ت,20210303,51000.00,51700,49480,49980.00,1299909,64798442740.00,1929,50250,NORI,NORI Petrochemical-a,پتروشيمي_نوري-ت,13991213,49720.00
نوري-ت,20210306,49400.00,50200,49120,49690.00,2674800,132913249620.00,2154,49980,NORI,NORI Petrochemical-a,پتروشيمي_نوري-ت,13991216,49850.00
نوري-ت,20210307,49710.00,51740,49710,50740.00,2145098,108836138490.00,2248,49690,NORI,NORI Petrochemical-a,پتروشيمي_نوري-ت,13991217,51700.00
نوري-ت,20210308,51880.00,53780,51870,53470.00,4198913,224508688590.00,3035,50740,NORI,NORI Petrochemical-a,پتروشيمي_نوري-ت,13991218,53780.00
نوري-ت,20210309,54990.00,56670,54000,56000.00,5185237,290357725110.00,4503,53470,NORI,NORI Petrochemical-a,پتروشيمي_نوري-ت,13991219,55200.00
نوري-ت,20210310,55900.00,56560,54880,55570.00,3267615,181573551160.00,2747,56000,NORI,NORI Petrochemical-a,پتروشيمي_نوري-ت,13991220,56400.00
نوري-ت,20210313,54710.00,58900,54710,58270.00,5452573,317721525280.00,3207,55570,NORI,NORI Petrochemical-a,پتروشيمي_نوري-ت,13991223,58900.00
نوري-ت,20210314,59960.00,61600,58830,60430.00,4517021,272978260570.00,4478,58270,NORI,NORI Petrochemical-a,پتروشيمي_نوري-ت,13991224,60490.00
نوري-ت,20210315,59600.00,63700,59600,62110.00,3732285,231823044900.00,3954,60430,NORI,NORI Petrochemical-a,پتروشيمي_نوري-ت,13991225,63250.00
نوري-ت,20210316,62730.00,65830,62650,65510.00,7279488,476882073260.00,3790,62110,NORI,NORI Petrochemical-a,پتروشيمي_نوري-ت,13991226,65830.00
نوري-ت,20210317,67200.00,67200,64200,64800.00,6011335,389519590140.00,5128,65510,NORI,NORI Petrochemical-a,پتروشيمي_نوري-ت,13991227,64330.00
نوري-ت,20210327,64000.00,65450,63510,64310.00,2983682,191871379180.00,2749,64800,NORI,NORI Petrochemical-a,پتروشيمي_نوري-ت,14000107,64500.00
نوري-ت,20210328,64220.00,65000,63030,63240.00,2661376,168299439970.00,2271,64310,NORI,NORI Petrochemical-a,پتروشيمي_نوري-ت,14000108,63030.00
نوري-ت,20210330,61980.00,65000,61980,63630.00,1742270,110866200210.00,2192,63240,NORI,NORI Petrochemical-a,پتروشيمي_نوري-ت,14000110,63300.00
نوري-ت,20210331,63000.00,64340,62500,63350.00,1148947,72668932680.00,1741,63630,NORI,NORI Petrochemical-a,پتروشيمي_نوري-ت,14000111,63050.00
نوري-ت,20210403,63000.00,63000,62090,62100.00,2653403,164775503540.00,1364,63350,NORI,NORI Petrochemical-a,پتروشيمي_نوري-ت,14000114,62090.00
نوري-ت,20210404,60860.00,61800,60860,60880.00,3041738,185177514640.00,1094,62100,NORI,NORI Petrochemical-a,پتروشيمي_نوري-ت,14000115,60860.00
نوري-ت,20210405,59670.00,60850,59670,59850.00,3497027,209282991650.00,2403,60880,NORI,NORI Petrochemical-a,پتروشيمي_نوري-ت,14000116,60450.00
نوري-ت,20210406,60500.00,61400,59150,60010.00,1663668,99834601270.00,1759,59850,NORI,NORI Petrochemical-a,پتروشيمي_نوري-ت,14000117,59340.00
نوري-ت,20210407,58820.00,60610,58810,58880.00,2406359,141681138760.00,1664,60010,NORI,NORI Petrochemical-a,پتروشيمي_نوري-ت,14000118,58810.00
نوري-ت,20210410,57710.00,58800,57710,57710.00,3175579,183276093520.00,1344,58880,NORI,NORI Petrochemical-a,پتروشيمي_نوري-ت,14000121,57710.00
نوري-ت,20210411,56720.00,57500,56560,56800.00,2288687,130002864140.00,1669,57710,NORI,NORI Petrochemical-a,پتروشيمي_نوري-ت,14000122,56720.00
نوري-ت,20210412,56510.00,60200,56130,59300.00,4149960,246099036670.00,2704,56800,NORI,NORI Petrochemical-a,پتروشيمي_نوري-ت,14000123,60200.00
نوري-ت,20210413,62000.00,62850,61080,62650.00,6966964,436446348500.00,4500,59300,NORI,NORI Petrochemical-a,پتروشيمي_نوري-ت,14000124,62850.00
نوري-ت,20210414,63260.00,64810,61500,62980.00,4267276,268742444200.00,3820,62650,NORI,NORI Petrochemical-a,پتروشيمي_نوري-ت,14000125,62020.00
نوري-ت,20210417,61730.00,61900,61730,61780.00,1529294,94405674860.00,919,62980,NORI,NORI Petrochemical-a,پتروشيمي_نوري-ت,14000128,61730.00
نوري-ت,20210418,60550.00,60660,60550,60550.00,1923893,116492940560.00,849,61780,NORI,NORI Petrochemical-a,پتروشيمي_نوري-ت,14000129,60550.00
نوري-ت,20210419,59340.00,61980,59340,60410.00,3042219,183788603870.00,2277,60550,NORI,NORI Petrochemical-a,پتروشيمي_نوري-ت,14000130,60700.00
نوري-ت,20210420,60010.00,61850,59240,60460.00,2583624,156210767340.00,2332,60410,NORI,NORI Petrochemical-a,پتروشيمي_نوري-ت,14000131,59700.00
نوري-ت,20210421,59200.00,61000,58750,59410.00,1248907,73845533030.00,1421,60460,NORI,NORI Petrochemical-a,پتروشيمي_نوري-ت,14000201,59010.00
نوري-ت,20210424,58700.00,59690,57630,57900.00,1892556,109570864230.00,1799,59410,NORI,NORI Petrochemical-a,پتروشيمي_نوري-ت,14000204,57670.00
نوري-ت,20210425,56170.00,57200,56170,56310.00,3851452,216894449800.00,1914,57900,NORI,NORI Petrochemical-a,پتروشيمي_نوري-ت,14000205,56170.00
نوري-ت,20210426,56010.00,59680,56010,59470.00,9217278,548178918610.00,3933,56310,NORI,NORI Petrochemical-a,پتروشيمي_نوري-ت,14000206,59670.00
نوري-ت,20210427,60440.00,61610,58680,60130.00,5302977,318873468350.00,4154,59470,NORI,NORI Petrochemical-a,پتروشيمي_نوري-ت,14000207,59140.00
نوري-ت,20210428,59200.00,60440,59010,59780.00,1946989,116391340010.00,2154,60130,NORI,NORI Petrochemical-a,پتروشيمي_نوري-ت,14000208,59500.00
نوري-ت,20210501,58890.00,60670,57990,58290.00,2906333,169411162760.00,1865,59780,NORI,NORI Petrochemical-a,پتروشيمي_نوري-ت,14000211,58000.00
نوري-ت,20210502,58080.00,58080,56550,56710.00,1920066,108880684090.00,1852,58290,NORI,NORI Petrochemical-a,پتروشيمي_نوري-ت,14000212,56700.00
نوري-ت,20210503,55720.00,56700,55510,56190.00,1322591,74138178690.00,1582,56710,NORI,NORI Petrochemical-a,پتروشيمي_نوري-ت,14000213,56450.00
نوري-ت,20210505,55510.00,58930,55510,57290.00,1762401,100970800110.00,1884,56190,NORI,NORI Petrochemical-a,پتروشيمي_نوري-ت,14000215,57270.00
نوري-ت,20210508,57410.00,58000,55580,56180.00,2235396,125594171390.00,2195,57290,NORI,NORI Petrochemical-a,پتروشيمي_نوري-ت,14000218,56310.00
نوري-ت,20210509,55020.00,55580,54500,54540.00,3108244,169538161470.00,1702,56180,NORI,NORI Petrochemical-a,پتروشيمي_نوري-ت,14000219,54500.00
نوري-ت,20210510,53010.00,56850,53010,55420.00,1905960,105628058790.00,1966,54540,NORI,NORI Petrochemical-a,پتروشيمي_نوري-ت,14000220,56800.00
نوري-ت,20210511,55830.00,58740,55830,58480.00,3354807,196174436650.00,1959,55420,NORI,NORI Petrochemical-a,پتروشيمي_نوري-ت,14000221,58740.00
نوري-ت,20210512,60000.00,60800,58630,59330.00,2297546,136304625000.00,2585,58480,NORI,NORI Petrochemical-a,پتروشيمي_نوري-ت,14000222,58980.00
نوري-ت,20210515,58500.00,61000,58500,59930.00,1572984,94330763060.00,1806,59330,NORI,NORI Petrochemical-a,پتروشيمي_نوري-ت,14000225,59700.00
نوري-ت,20210516,60460.00,60800,58070,59660.00,1852250,110504146060.00,1910,59930,NORI,NORI Petrochemical-a,پتروشيمي_نوري-ت,14000226,58750.00
نوري-ت,20210517,58500.00,61480,58500,60600.00,2468214,149576615060.00,2256,59660,NORI,NORI Petrochemical-a,پتروشيمي_نوري-ت,14000227,59700.00
نوري-ت,20210518,59000.00,61660,59000,60720.00,2754814,167269318670.00,2089,60600,NORI,NORI Petrochemical-a,پتروشيمي_نوري-ت,14000228,59970.00
نوري-ت,20210519,59000.00,61000,58710,59710.00,1326715,78850126880.00,1367,60720,NORI,NORI Petrochemical-a,پتروشيمي_نوري-ت,14000229,59000.00
نوري-ت,20210522,58210.00,58520,56730,57000.00,2718774,154963768000.00,1559,59710,NORI,NORI Petrochemical-a,پتروشيمي_نوري-ت,14000301,56730.00
نوري-ت,20210523,55000.00,57680,55000,56480.00,1349944,76073005410.00,1560,57000,NORI,NORI Petrochemical-a,پتروشيمي_نوري-ت,14000302,56650.00
نوري-ت,20210524,54980.00,57200,54980,56450.00,1555899,87834723220.00,1452,56480,NORI,NORI Petrochemical-a,پتروشيمي_نوري-ت,14000303,56420.00
نوري-ت,20210525,57240.00,59270,57240,58940.00,4962478,292492091090.00,2626,56450,NORI,NORI Petrochemical-a,پتروشيمي_نوري-ت,14000304,59270.00
نوري-ت,20210526,59750.00,61490,59000,60320.00,4865719,293495005660.00,2995,58940,NORI,NORI Petrochemical-a,پتروشيمي_نوري-ت,14000305,60280.00
نوري-ت,20210529,60100.00,63330,60100,62920.00,4769209,300061215860.00,3536,60320,NORI,NORI Petrochemical-a,پتروشيمي_نوري-ت,14000308,63330.00
نوري-ت,20210530,66000.00,66000,62110,63670.00,4101659,261146001540.00,3570,62920,NORI,NORI Petrochemical-a,پتروشيمي_نوري-ت,14000309,62660.00
نوري-ت,20210531,62000.00,63730,61000,62720.00,2724816,170906001740.00,2037,63670,NORI,NORI Petrochemical-a,پتروشيمي_نوري-ت,14000310,62820.00
نوري-ت,20210601,62990.00,64200,60010,62790.00,1740043,109249794820.00,1546,62720,NORI,NORI Petrochemical-a,پتروشيمي_نوري-ت,14000311,62480.00
نوري-ت,20210602,63340.00,65350.00,63000.00,64330.00,2825804,181776151000.00,2300,62790.00,NORI,NORI Petrochemical-a,پتروشيمي_نوري-ت,14000312,64580.00
